amount,duration,payments,tenure_at_loan,frequency_bank_statements,inhabitants,no_cities,urban_ratio,avg_salary,avg_unemp_95_96,entr_per_1k,avg_crimes_95_96,min_balance_pre_loan,avg_balance_pre_loan,num_transactions_pre_loan,share_cash_trans,amount_disponents,card_type_at_loan,gender,age_at_loan,result
80952,24,3373,10,"monthly issuance",1204953,1,100,12541,0.36,167,92392.0000,1100,32590.624074074076,54,0.53704,2,"no card",male,48,pass
30276,12,2523,12,"monthly issuance",103347,7,67,9104,1.79,123,2326.5000,715,25197.092499999995,80,0.53750,1,"no card",female,57,fail
30276,12,2523,16,"monthly issuance",228848,6,57.2,9893,4.404999999999999,96,5755.0000,900,62991.26463414633,164,0.64634,1,"no card",male,35,pass
318480,60,5308,13,"monthly issuance",70646,4,58.4,8547,3.145,120,1552.5000,-1011.2,39953.97068965515,116,0.56897,1,"no card",male,46,fail
110736,48,2307,8,"weekly issuance",51428,4,52.7,8402,3.5549999999999997,120,1049.0000,13841,31383.44909090909,55,0.45455,1,"no card",female,58,pass
165960,24,6915,18,"monthly issuance",93931,8,56.9,8427,1.33,107,1893.5000,700,52523.244800000015,125,0.48800,1,"no card",female,51,pass
102876,12,8573,15,"monthly issuance",323870,1,100,10673,5.095000000000001,100,18564.5000,900,33057.37457627118,118,0.50847,2,"no card",male,55,pass
265320,36,7370,20,"monthly issuance",105606,7,53,8254,3.275,97,2245.5000,379,46266.57469879515,83,0.75904,1,"no card",male,30,fail
352704,48,7348,16,"monthly issuance",103347,7,67,9104,1.79,123,2326.5000,800,30797.48750000001,56,0.73214,1,classic,female,47,pass
162576,36,4516,13,"monthly issuance",159617,9,85.2,9198,3.805,131,5964.0000,900,46148.29761904762,84,0.64286,1,"no card",male,44,pass
88440,12,7370,5,"issuance after transaction",128118,8,85.3,9317,6.78,97,6910.5000,200,62778.09032258065,31,0.80645,2,"no card",female,51,pass
104808,12,8734,6,"monthly issuance",125832,5,48.3,8512,3.815,102,2175.0000,500,38709.83,30,0.56667,2,"no card",male,54,pass
27456,12,2288,7,"weekly issuance",161227,10,69.7,8678,5.75,102,4787.5000,800,48780.095999999976,75,0.69333,1,"no card",male,29,pass
109344,12,9112,16,"monthly issuance",285387,7,89.9,10177,7.1899999999999995,81,9993.0000,1000,48376.25806451615,93,0.67742,1,classic,female,53,pass
160920,36,4470,11,"monthly issuance",85852,4,59.8,8965,7.655,104,2737.5000,700,51649.39830508475,59,0.47458,1,classic,male,27,pass
123696,48,2577,11,"monthly issuance",124605,8,46,8772,4.835000000000001,126,3006.0000,300,49084.38196721313,61,0.63934,1,"no card",male,54,pass
112752,36,3132,22,"monthly issuance",161227,10,69.7,8678,5.75,102,4787.5000,900,44659.64961240311,129,0.69767,1,"no card",female,42,pass
91248,48,1901,19,"monthly issuance",177686,9,74.8,10045,1.565,135,6449.5000,900,30173.124242424223,99,0.81818,1,"no card",female,25,pass
66840,24,2785,15,"issuance after transaction",58796,5,51.9,9045,3.365,124,1862.0000,700,38819.32021276593,94,0.56383,2,"no card",female,57,pass
369000,60,6150,20,"weekly issuance",162580,6,72.8,9538,1.6600000000000001,111,5744.5000,700,48648.40116959062,171,0.56140,1,"no card",female,23,pass
331584,48,6908,19,"monthly issuance",95907,7,59.1,8388,2.675,87,1663.0000,400,42007.366336633684,101,0.81188,2,"no card",female,25,pass
468060,60,7801,15,"weekly issuance",112709,10,73.5,8369,2.05,117,2736.0000,400,59623.21607142851,112,0.52679,2,"no card",female,50,pass
100980,60,1683,12,"monthly issuance",387570,1,100,9897,1.78,140,18708.5000,600,35614.7442857143,70,0.70000,1,"no card",male,29,pass
187224,24,7801,16,"monthly issuance",114200,4,43.7,8403,5.73,105,2437.5000,-243.3,42084.31136363635,88,0.80682,1,"no card",male,47,fail
42816,12,3568,15,"monthly issuance",226122,4,62.6,8994,4.295,110,9440.0000,1100,17076.75647058824,85,0.70588,2,"no card",male,61,pass
230400,60,3840,14,"monthly issuance",228848,6,57.2,9893,4.404999999999999,96,5755.0000,20574,79500.53809523812,168,0.59524,1,"no card",male,36,pass
252060,60,4201,7,"monthly issuance",1204953,1,100,12541,0.36,167,92392.0000,900,57340.50819672133,61,0.72131,1,"no card",female,28,fail
84288,48,1756,14,"monthly issuance",45714,6,55.6,8843,3.21,113,853.0000,500,25727.382352941182,85,0.71765,1,"no card",female,40,pass
357840,48,7455,3,"monthly issuance",387570,1,100,9897,1.78,140,18708.5000,600,5350,2,1.00000,1,"no card",female,56,fail
196800,24,8200,6,"monthly issuance",112065,8,69.4,11277,1.345,127,5083.0000,300,58669.50434782607,23,0.52174,1,"no card",female,36,fail
262980,60,4383,12,"monthly issuance",53921,2,41.3,8598,3.0149999999999997,123,1736.0000,900,41729.61607142859,56,0.80357,1,"no card",female,30,pass
210384,48,4383,15,"monthly issuance",285387,7,89.9,10177,7.1899999999999995,81,9993.0000,300,45912.39999999998,59,0.66102,1,"no card",female,41,pass
91152,24,3798,15,"monthly issuance",105058,10,81,9272,3.01,118,4422.5000,400,44829.544155844145,77,0.61039,1,classic,male,53,pass
12540,12,1045,20,"monthly issuance",67298,7,43.8,8561,0.97,110,1078.0000,200,41922.04671052632,152,0.56579,2,classic,female,57,pass
102240,60,1704,19,"monthly issuance",109164,4,63.6,8757,3.665,96,2341.5000,900,29946.99523809522,126,0.72222,2,"no card",female,51,pass
76944,12,6412,17,"monthly issuance",1204953,1,100,12541,0.36,167,92392.0000,500,40141.795454545456,110,0.58182,1,"no card",female,40,pass
156096,36,4336,6,"weekly issuance",103347,7,67,9104,1.79,123,2326.5000,700,51641.833333333336,33,0.57576,1,"no card",male,45,pass
73056,48,1522,9,"monthly issuance",119895,4,89.9,10446,8.370000000000001,90,4845.0000,500,23255.149019607838,51,0.62745,2,"no card",male,24,pass
208128,48,4336,14,"monthly issuance",387570,1,100,9897,1.78,140,18708.5000,-1069.7,36369.975000000006,64,0.79688,1,"no card",male,42,fail
215616,48,4492,9,"monthly issuance",42821,3,48.4,8173,3.505,124,679.0000,-3424.6,21447.62459016394,61,0.70492,1,"no card",male,39,fail
24312,12,2026,15,"monthly issuance",93931,8,56.9,8427,1.33,107,1893.5000,1100,29380.839743589757,78,0.61538,1,"no card",female,38,pass
48624,24,2026,17,"monthly issuance",139012,10,61.9,8363,3.005,108,2681.5000,200,63857.23675213676,117,0.75214,1,"no card",male,33,pass
538500,60,8975,10,"monthly issuance",95616,6,51.4,9307,4.14,118,2828.0000,200,33687.85862068965,58,0.70690,1,"no card",male,34,pass
53076,12,4423,10,"monthly issuance",51428,4,52.7,8402,3.5549999999999997,120,1049.0000,500,33129.40307692308,65,0.73846,1,"no card",male,48,pass
187104,24,7796,4,"monthly issuance",226122,4,62.6,8994,4.295,110,9440.0000,300,66292.37199999999,25,0.84000,1,"no card",female,19,pass
87216,48,1817,20,"monthly issuance",145688,5,40.7,8544,1.5750000000000002,109,2812.5000,700,30847.149324324342,148,0.55405,1,"no card",female,41,pass
178500,60,2975,9,"monthly issuance",182027,7,56.4,8746,3.535,90,4394.0000,1000,21491.790625,64,0.60938,1,"no card",female,26,pass
309552,48,6449,7,"monthly issuance",226122,4,62.6,8994,4.295,110,9440.0000,700,56105.49999999998,35,0.45714,1,"no card",male,60,pass
22260,60,371,5,"monthly issuance",285387,7,89.9,10177,7.1899999999999995,81,9993.0000,700,23066.613333333335,15,0.73333,1,"no card",female,57,pass
284280,60,4738,18,"monthly issuance",114006,9,62.3,9065,4.925,123,4156.5000,300,64182.64148936171,94,0.62766,2,"no card",female,37,pass
189060,60,3151,6,"issuance after transaction",149893,6,67.4,9753,4.845,109,5568.0000,200,72242.8966666667,30,0.46667,1,"no card",female,36,pass
108720,60,1812,19,"monthly issuance",77963,4,51.5,8546,3.485,126,2880.0000,1000,50883.19687500001,64,0.70313,1,"no card",female,31,pass
188532,36,5237,21,"monthly issuance",285387,7,89.9,10177,7.1899999999999995,81,9993.0000,200,64193.40472972972,148,0.87162,1,"no card",female,22,pass
204000,60,3400,12,"monthly issuance",77917,5,53.5,8390,2.585,132,2101.0000,400,37809.39846153844,65,0.52308,1,"no card",male,51,pass
98184,24,4091,3,"monthly issuance",114200,4,43.7,8403,5.73,105,2437.5000,500,41660.392857142855,14,0.28571,1,"no card",female,49,pass
253200,60,4220,19,"monthly issuance",139012,10,61.9,8363,3.005,108,2681.5000,1000,34086.208955223876,134,0.52985,1,"no card",male,61,pass
253200,60,4220,8,"weekly issuance",228848,6,57.2,9893,4.404999999999999,96,5755.0000,800,47302.54634146341,41,0.80488,1,"no card",female,43,pass
50976,36,1416,16,"monthly issuance",77917,5,53.5,8390,2.585,132,2101.0000,400,28050.29918699189,123,0.56098,1,"no card",male,18,pass
385104,48,8023,16,"monthly issuance",387570,1,100,9897,1.78,140,18708.5000,1000,47433.4205882353,102,0.54902,1,"no card",female,40,pass
192552,24,8023,14,"weekly issuance",70646,4,58.4,8547,3.145,120,1552.5000,800,23979.01176470588,51,0.72549,1,"no card",female,30,fail
149040,48,3105,9,"monthly issuance",75637,7,36.5,9622,0.52,154,3502.0000,200,36845.588888888895,54,0.57407,1,"no card",female,25,pass
128544,24,5356,9,"issuance after transaction",323870,1,100,10673,5.095000000000001,100,18564.5000,200,40526.454999999994,60,0.50000,1,"no card",female,45,pass
35904,48,748,9,"monthly issuance",228848,6,57.2,9893,4.404999999999999,96,5755.0000,900,22981.05593220339,59,0.55932,1,"no card",male,51,pass
99696,48,2077,21,"monthly issuance",88757,10,61.7,8554,2.575,113,2020.0000,-974.6,46341.293518518505,108,0.87037,1,"no card",female,23,fail
182640,48,3805,7,"monthly issuance",145688,5,40.7,8544,1.5750000000000002,109,2812.5000,600,37802.23,40,0.45000,1,"no card",female,54,pass
148140,36,4115,20,"weekly issuance",53921,2,41.3,8598,3.0149999999999997,123,1736.0000,1000,40688.34830508477,118,0.66102,1,"no card",female,35,pass
71064,36,1974,13,"monthly issuance",85852,4,59.8,8965,7.655,104,2737.5000,700,34577.30232558139,86,0.65116,1,"no card",female,48,pass
74772,36,2077,12,"issuance after transaction",157042,9,33.9,8743,2.1550000000000002,111,3776.5000,500,24872.139436619716,71,0.52113,1,"no card",male,36,pass
52512,12,4376,17,"monthly issuance",157042,9,33.9,8743,2.1550000000000002,111,3776.5000,1000,59684.298850574734,87,0.85057,1,"no card",male,53,pass
185544,36,5154,9,"monthly issuance",124605,8,46,8772,4.835000000000001,126,3006.0000,200,27729.917142857146,35,0.60000,1,"no card",male,59,pass
23520,12,1960,11,"monthly issuance",107911,7,50.9,8240,3.045,99,1876.5000,500,25967.495238095245,63,0.42857,2,"no card",male,55,pass
389136,48,8107,11,"monthly issuance",107911,7,50.9,8240,3.045,99,1876.5000,700,59749.883870967744,62,0.62903,1,"no card",male,30,pass
45336,24,1889,16,"monthly issuance",51428,4,52.7,8402,3.5549999999999997,120,1049.0000,800,48152.95333333335,90,0.70000,1,"no card",male,38,pass
125472,24,5228,12,"monthly issuance",125236,5,87.7,9675,7.055,100,5256.5000,800,48989.18247422682,97,0.75258,1,"no card",male,57,pass
125472,24,5228,9,"issuance after transaction",51428,4,52.7,8402,3.5549999999999997,120,1049.0000,800,71376.0441558442,77,0.77922,2,"no card",female,51,pass
100080,48,2085,3,"monthly issuance",114200,4,43.7,8403,5.73,105,2437.5000,300,22604.34,10,0.40000,1,"no card",female,31,pass
123300,36,3425,18,"weekly issuance",118650,3,85.6,9832,3.9000000000000004,114,5958.0000,800,55026.62000000002,90,0.82222,1,classic,female,52,pass
165780,60,2763,20,"weekly issuance",145688,5,40.7,8544,1.5750000000000002,109,2812.5000,413.3,45342.20442477874,113,0.68142,1,"no card",male,47,pass
164052,36,4557,12,"issuance after transaction",51313,4,59.2,8930,3.8600000000000003,108,1390.0000,-2564.7,41752.161538461536,65,0.81538,1,"no card",female,19,fail
191088,48,3981,13,"monthly issuance",102609,6,52,8187,5.140000000000001,94,2128.5000,500,32688.03333333334,78,0.83333,1,"no card",male,34,pass
194256,24,8094,22,"monthly issuance",42821,3,48.4,8173,3.505,124,679.0000,400,51370.48059701493,134,0.84328,1,"no card",male,29,pass
388512,48,8094,21,"issuance after transaction",42821,3,48.4,8173,3.505,124,679.0000,-2838.8,21371.320000000003,120,0.82500,1,"no card",female,27,fail
78936,12,6578,8,"monthly issuance",1204953,1,100,12541,0.36,167,92392.0000,900,25900.319607843143,51,0.64706,1,"no card",female,37,pass
64224,24,2676,14,"weekly issuance",77963,4,51.5,8546,3.485,126,2880.0000,900,45735.83829787234,47,0.61702,2,"no card",male,60,pass
189792,48,3954,20,"monthly issuance",162580,6,72.8,9538,1.6600000000000001,111,5744.5000,500,34760.228906249984,128,0.55469,1,"no card",male,58,pass
141948,36,3943,3,"monthly issuance",228848,6,57.2,9893,4.404999999999999,96,5755.0000,800,32592.680000000004,10,0.70000,1,"no card",female,45,pass
172272,24,7178,10,"monthly issuance",161227,10,69.7,8678,5.75,102,4787.5000,300,61146.523636363636,55,0.50909,1,"no card",male,55,pass
248148,36,6893,16,"monthly issuance",72541,8,36.9,8594,1.815,112,1552.5000,600,36063.78833333336,120,0.60000,1,"no card",female,54,pass
30060,60,501,21,"monthly issuance",72541,8,36.9,8594,1.815,112,1552.5000,500,37213.40752688173,186,0.47849,1,classic,male,44,pass
202788,36,5633,12,"weekly issuance",51313,4,59.2,8930,3.8600000000000003,108,1390.0000,1100,57124.26835443036,79,0.56962,1,"no card",female,42,pass
43200,24,1800,10,"monthly issuance",159617,9,85.2,9198,3.805,131,5964.0000,400,36159.705555555556,54,0.74074,1,"no card",female,49,pass
96396,12,8033,3,"weekly issuance",94812,10,81.8,9650,3.525,100,2894.5000,1100,12250,4,1.00000,1,"no card",female,45,fail
165960,36,4610,4,"monthly issuance",112709,10,73.5,8369,2.05,117,2736.0000,700,52083.859459459454,37,0.64865,1,"no card",male,24,pass
385584,48,8033,16,"monthly issuance",72541,8,36.9,8594,1.815,112,1552.5000,400,69656.36923076923,78,0.84615,2,"no card",male,23,pass
239460,60,3991,9,"monthly issuance",128118,8,85.3,9317,6.78,97,6910.5000,300,40061.58043478261,46,0.45652,1,"no card",female,51,pass
143676,36,3991,14,"weekly issuance",157042,9,33.9,8743,2.1550000000000002,111,3776.5000,700,28370.441666666666,72,0.50000,1,"no card",male,45,pass
105804,36,2939,6,"monthly issuance",107870,6,58,8754,4.07,137,3836.0000,1000,41297.48,25,0.48000,1,"no card",female,53,pass
396120,60,6602,18,"weekly issuance",51428,4,52.7,8402,3.5549999999999997,120,1049.0000,500,58855.27789473684,95,0.63158,1,"no card",female,46,pass
37944,36,1054,19,"monthly issuance",1204953,1,100,12541,0.36,167,92392.0000,500,61295.96915887852,107,0.76636,1,classic,female,31,pass
209040,24,8710,11,"monthly issuance",1204953,1,100,12541,0.36,167,92392.0000,900,44982.422727272715,66,0.62121,1,"no card",male,19,pass
162468,36,4513,4,"monthly issuance",105058,10,81,9272,3.01,118,4422.5000,700,51279.553333333344,15,0.40000,2,"no card",female,38,pass
57360,12,4780,10,"monthly issuance",77963,4,51.5,8546,3.485,126,2880.0000,-5851.2,36887.15600000001,75,0.38667,1,"no card",male,39,fail
44952,24,1873,14,"monthly issuance",1204953,1,100,12541,0.36,167,92392.0000,1000,51453.801123595505,89,0.64045,1,"no card",male,27,pass
55632,24,2318,21,"monthly issuance",285387,7,89.9,10177,7.1899999999999995,81,9993.0000,500,29645.32017543858,114,0.63158,1,"no card",male,49,pass
249312,48,5194,14,"weekly issuance",170449,1,100,10787,2.865,131,6151.0000,900,35914.85499999998,60,0.68333,1,"no card",male,40,pass
205200,36,5700,17,"weekly issuance",161954,8,48,8720,4.115,116,3690.0000,900,58336.311627907,129,0.43411,1,"no card",female,31,pass
68400,12,5700,5,"monthly issuance",228848,6,57.2,9893,4.404999999999999,96,5755.0000,800,31793.735714285718,14,0.64286,1,"no card",female,18,fail
290820,60,4847,11,"monthly issuance",95616,6,51.4,9307,4.14,118,2828.0000,900,44617.08095238094,84,0.59524,1,"no card",male,60,pass
38520,12,3210,19,"monthly issuance",95907,7,59.1,8388,2.675,87,1663.0000,900,20231.313157894736,114,0.69298,1,"no card",male,57,pass
176328,36,4898,20,"monthly issuance",107911,7,50.9,8240,3.045,99,1876.5000,400,47164.91871345024,171,0.39766,2,"no card",male,54,pass
293880,60,4898,17,"weekly issuance",197099,10,74.7,9624,1.955,145,4374.5000,-2804.8,53227.144444444435,90,0.84444,1,"no card",female,22,fail
271260,60,4521,15,"monthly issuance",114006,9,62.3,9065,4.925,123,4156.5000,700,14873.378082191783,73,0.67123,1,"no card",male,27,pass
86184,12,7182,7,"monthly issuance",285387,7,89.9,10177,7.1899999999999995,81,9993.0000,300,60273.67857142857,42,0.50000,1,"no card",female,55,pass
83628,36,2323,7,"monthly issuance",387570,1,100,9897,1.78,140,18708.5000,500,29052.608823529416,34,0.55882,1,"no card",female,19,pass
44640,24,1860,13,"monthly issuance",108871,6,62.1,8444,3.3550000000000004,106,2450.0000,600,41154.279104477595,67,0.80597,1,"no card",male,41,pass
214596,36,5961,4,"monthly issuance",323870,1,100,10673,5.095000000000001,100,18564.5000,400,62852.91764705884,17,0.47059,2,"no card",male,60,pass
101520,12,8460,8,"monthly issuance",1204953,1,100,12541,0.36,167,92392.0000,400,26449.092105263153,38,0.68421,1,"no card",female,19,pass
92400,12,7700,15,"monthly issuance",285387,7,89.9,10177,7.1899999999999995,81,9993.0000,1000,42291.185576923104,104,0.64423,1,classic,female,23,pass
22932,36,637,7,"monthly issuance",139012,10,61.9,8363,3.005,108,2681.5000,300,42536.88536585365,41,0.63415,1,"no card",female,43,pass
23328,12,1944,6,"monthly issuance",95907,7,59.1,8388,2.675,87,1663.0000,1000,40311.63703703704,27,0.70370,2,"no card",female,33,pass
71460,36,1985,7,"monthly issuance",1204953,1,100,12541,0.36,167,92392.0000,700,49220.980645161304,31,0.67742,2,"no card",female,16,pass
61560,12,5130,10,"weekly issuance",51313,4,59.2,8930,3.8600000000000003,108,1390.0000,200,32967.71267605635,71,0.42254,1,"no card",male,53,pass
78600,24,3275,4,"monthly issuance",121947,11,70.5,8541,2.74,131,3667.5000,800,42902.40714285714,14,0.35714,1,"no card",male,41,pass
170256,24,7094,14,"monthly issuance",93931,8,56.9,8427,1.33,107,1893.5000,200,40091.18311688309,77,0.70130,1,"no card",female,29,pass
299088,36,8308,13,"monthly issuance",106054,6,63.1,8110,6.16,109,3161.5000,500,51992.85476190479,126,0.70635,1,"no card",female,27,fail
53472,12,4456,20,"weekly issuance",81344,6,55.3,8899,3.68,149,2737.0000,300,64144.50223880594,134,0.85075,2,"no card",male,57,pass
182040,60,3034,11,"monthly issuance",51428,4,52.7,8402,3.5549999999999997,120,1049.0000,600,67475.90169491527,59,0.61017,2,"no card",female,44,pass
92976,24,3874,18,"weekly issuance",51313,4,59.2,8930,3.8600000000000003,108,1390.0000,300,50436.46605504589,109,0.75229,2,"no card",female,25,pass
185952,48,3874,12,"monthly issuance",125236,5,87.7,9675,7.055,100,5256.5000,700,50113.19411764704,34,0.67647,1,"no card",male,50,pass
139464,36,3874,12,"monthly issuance",182027,7,56.4,8746,3.535,90,4394.0000,300,31532.74838709678,31,0.61290,1,"no card",male,38,fail
347952,48,7249,21,"monthly issuance",45714,6,55.6,8843,3.21,113,853.0000,300,54157.19416666664,120,0.84167,1,"no card",female,30,pass
415800,60,6930,9,"monthly issuance",1204953,1,100,12541,0.36,167,92392.0000,700,44265.272972972976,37,0.78378,1,"no card",female,47,pass
72504,24,3021,10,"monthly issuance",122603,8,80,8991,1.6999999999999997,128,5235.5000,600,45374.642424242375,99,0.53535,1,"no card",female,46,pass
230220,36,6395,21,"monthly issuance",53921,2,41.3,8598,3.0149999999999997,123,1736.0000,200,64923.162745098016,153,0.83660,1,classic,male,48,pass
20196,36,561,17,"monthly issuance",1204953,1,100,12541,0.36,167,92392.0000,200,52636.59895833334,96,0.69792,1,"no card",male,25,pass
314688,48,6556,19,"weekly issuance",88884,5,46.7,8507,1.76,132,2416.5000,600,53094.3644859813,107,0.63551,1,classic,male,24,pass
46320,24,1930,17,"monthly issuance",133777,11,84.7,8705,6.68,116,4754.5000,900,43657.813483146136,178,0.54494,1,"no card",male,17,pass
48312,24,2013,16,"monthly issuance",102609,6,52,8187,5.140000000000001,94,2128.5000,600,31897.432978723416,94,0.53191,1,"no card",male,38,pass
541200,60,9020,19,"monthly issuance",285387,7,89.9,10177,7.1899999999999995,81,9993.0000,-17030.4,12006.396551724134,174,0.45977,1,"no card",female,50,fail
99336,24,4139,10,"monthly issuance",228848,6,57.2,9893,4.404999999999999,96,5755.0000,300,27019.571153846155,52,0.69231,1,"no card",female,15,pass
199680,60,3328,13,"monthly issuance",95616,6,51.4,9307,4.14,118,2828.0000,500,33658.617567567584,74,0.52703,1,"no card",male,45,pass
159744,48,3328,9,"monthly issuance",70699,4,65.3,8968,3.09,131,1825.0000,600,56388.81071428572,28,0.71429,1,"no card",female,24,pass
49440,60,824,15,"monthly issuance",285387,7,89.9,10177,7.1899999999999995,81,9993.0000,300,47798.86545454544,110,0.58182,1,"no card",female,29,pass
156672,36,4352,13,"monthly issuance",72541,8,36.9,8594,1.815,112,1552.5000,500,22927.502666666667,75,0.72000,1,"no card",female,38,pass
17952,12,1496,11,"monthly issuance",133777,11,84.7,8705,6.68,116,4754.5000,500,28597.886206896543,58,0.68966,1,"no card",female,44,pass
95808,12,7984,14,"monthly issuance",122603,8,80,8991,1.6999999999999997,128,5235.5000,900,59701.78666666665,90,0.85556,1,"no card",male,54,pass
293160,60,4886,17,"monthly issuance",139012,10,61.9,8363,3.005,108,2681.5000,800,49740.623711340224,97,0.83505,1,"no card",female,19,pass
200976,48,4187,7,"monthly issuance",114200,4,43.7,8403,5.73,105,2437.5000,600,47938.06571428572,35,0.48571,1,"no card",male,41,pass
24516,12,2043,10,"monthly issuance",1204953,1,100,12541,0.36,167,92392.0000,200,55582.226027397286,73,0.86301,1,"no card",male,35,pass
165120,60,2752,19,"monthly issuance",121947,11,70.5,8541,2.74,131,3667.5000,1100,24377.371551724125,116,0.70690,2,"no card",female,45,pass
466608,48,9721,18,"monthly issuance",77963,4,51.5,8546,3.485,126,2880.0000,300,36161.02156862743,102,0.82353,1,"no card",female,51,pass
428784,48,8933,14,"monthly issuance",1204953,1,100,12541,0.36,167,92392.0000,1100,22133.735454545484,110,0.57273,2,"no card",male,61,pass
360000,48,7500,19,"issuance after transaction",197099,10,74.7,9624,1.955,145,4374.5000,600,51149.6551470588,136,0.59559,1,"no card",female,23,pass
89340,60,1489,8,"monthly issuance",110643,4,51.9,8441,3.9650000000000003,115,2065.5000,500,39644.76363636365,44,0.68182,2,"no card",female,24,pass
136344,24,5681,21,"monthly issuance",1204953,1,100,12541,0.36,167,92392.0000,300,31673.896923076936,130,0.71538,2,"no card",female,33,pass
91632,12,7636,12,"monthly issuance",94725,6,63.4,9920,2.565,130,4567.5000,700,40976.94285714286,70,0.71429,2,"no card",female,31,pass
231168,48,4816,20,"monthly issuance",182027,7,56.4,8746,3.535,90,4394.0000,300,54598.838888888866,144,0.50000,1,junior,female,20,pass
93888,36,2608,5,"issuance after transaction",86513,5,50.5,8288,4.154999999999999,110,1511.0000,600,37510.494736842105,19,0.47368,1,"no card",female,43,pass
93888,36,2608,10,"weekly issuance",88884,5,46.7,8507,1.76,132,2416.5000,200,69554.29230769232,91,0.69231,2,"no card",male,61,pass
69624,36,1934,19,"monthly issuance",139012,10,61.9,8363,3.005,108,2681.5000,1100,49145.7075862069,145,0.52414,1,classic,male,51,pass
156420,60,2607,11,"weekly issuance",139012,10,61.9,8363,3.005,108,2681.5000,400,49909.15555555555,63,0.71429,1,"no card",male,41,pass
66432,24,2768,19,"monthly issuance",170449,1,100,10787,2.865,131,6151.0000,700,33039.89252336446,107,0.51402,2,"no card",female,26,pass
335280,48,6985,15,"weekly issuance",161954,8,48,8720,4.115,116,3690.0000,500,43629.43608247425,97,0.48454,1,"no card",female,44,pass
111384,24,4641,15,"monthly issuance",51428,4,52.7,8402,3.5549999999999997,120,1049.0000,500,65097.22434210523,152,0.71053,1,"no card",male,27,pass
50460,60,841,8,"monthly issuance",75637,7,36.5,9622,0.52,154,3502.0000,800,37570.62790697674,43,0.69767,1,"no card",female,46,pass
268320,60,4472,8,"monthly issuance",1204953,1,100,12541,0.36,167,92392.0000,200,24411.29423076923,52,0.65385,1,"no card",female,44,pass
437460,60,7291,10,"monthly issuance",228848,6,57.2,9893,4.404999999999999,96,5755.0000,900,48935.435849056594,53,0.45283,1,"no card",female,45,pass
380160,60,6336,18,"monthly issuance",323870,1,100,10673,5.095000000000001,100,18564.5000,1100,64777.07522935781,109,0.86239,1,"no card",male,46,pass
272520,60,4542,10,"monthly issuance",92084,5,46.7,10124,0.55,141,4063.0000,1100,44602.641666666656,84,0.75000,2,"no card",male,54,pass
504000,60,8400,21,"monthly issuance",75232,5,41.7,8980,2.08,111,2818.5000,200,20942.59435483871,124,0.68548,1,"no card",male,26,pass
31248,12,2604,18,"monthly issuance",1204953,1,100,12541,0.36,167,92392.0000,1000,64493.09916666663,120,0.85000,1,"no card",female,55,pass
41256,12,3438,22,"monthly issuance",51428,4,52.7,8402,3.5549999999999997,120,1049.0000,900,63500.40697674413,215,0.40930,2,gold,male,59,pass
24792,24,1033,19,"monthly issuance",86513,5,50.5,8288,4.154999999999999,110,1511.0000,500,47061.86000000004,135,0.62963,1,"no card",male,39,pass
88608,12,7384,20,"issuance after transaction",125832,5,48.3,8512,3.815,102,2175.0000,900,51249.129850746234,134,0.84328,2,"no card",male,50,pass
48744,36,1354,4,"monthly issuance",148545,4,53.5,8909,4.785,113,3525.0000,900,42930.20714285715,14,0.71429,1,"no card",female,32,pass
390000,48,8125,16,"issuance after transaction",95907,7,59.1,8388,2.675,87,1663.0000,600,48798.697727272745,44,0.75000,1,"no card",male,50,pass
155616,48,3242,7,"monthly issuance",92084,5,46.7,10124,0.55,141,4063.0000,300,39426.06999999999,30,0.53333,1,"no card",female,37,pass
277884,36,7719,22,"monthly issuance",105606,7,53,8254,3.275,97,2245.5000,1000,46487.002564102586,117,0.82906,1,"no card",female,15,fail
82896,12,6908,15,"monthly issuance",110643,4,51.9,8441,3.9650000000000003,115,2065.5000,900,57141.73095238093,126,0.48413,2,classic,male,22,pass
15420,12,1285,21,"monthly issuance",128118,8,85.3,9317,6.78,97,6910.5000,1000,24577.199999999997,151,0.63576,1,"no card",female,29,pass
253512,36,7042,7,"weekly issuance",108871,6,62.1,8444,3.3550000000000004,106,2450.0000,300,37095.84482758621,29,0.79310,1,"no card",female,51,fail
123216,48,2567,18,"monthly issuance",85852,4,59.8,8965,7.655,104,2737.5000,700,70622.83359375,128,0.68750,2,"no card",female,18,pass
321180,60,5353,7,"monthly issuance",177686,9,74.8,10045,1.565,135,6449.5000,700,40524.463157894745,38,0.50000,2,"no card",male,60,pass
253560,60,4226,21,"monthly issuance",119895,4,89.9,10446,8.370000000000001,90,4845.0000,900,39822.71111111109,108,0.62037,1,"no card",female,47,pass
130896,24,5454,18,"monthly issuance",85852,4,59.8,8965,7.655,104,2737.5000,300,31685.099115044264,113,0.71681,2,"no card",female,43,pass
30012,12,2501,21,"monthly issuance",78955,9,59,9060,2.11,124,1686.0000,700,46609.348543689295,103,0.79612,1,"no card",male,44,pass
177744,48,3703,16,"monthly issuance",161227,10,69.7,8678,5.75,102,4787.5000,-2485.5,26746.525263157884,95,0.84211,1,"no card",male,22,fail
222180,60,3703,12,"monthly issuance",45714,6,55.6,8843,3.21,113,853.0000,800,55230.444067796605,59,0.79661,1,"no card",male,57,fail
39024,12,3252,17,"monthly issuance",197099,10,74.7,9624,1.955,145,4374.5000,300,60289.95441176465,136,0.65441,1,"no card",male,60,pass
77184,36,2144,18,"monthly issuance",1204953,1,100,12541,0.36,167,92392.0000,200,50722.27012987011,77,0.79221,1,"no card",female,41,pass
68124,12,5677,10,"monthly issuance",323870,1,100,10673,5.095000000000001,100,18564.5000,1100,28809,51,0.70588,1,"no card",male,39,pass
94512,12,7876,20,"monthly issuance",323870,1,100,10673,5.095000000000001,100,18564.5000,600,48061.856716417926,134,0.54478,1,"no card",male,44,fail
276084,36,7669,15,"monthly issuance",1204953,1,100,12541,0.36,167,92392.0000,1100,58466.19366197182,142,0.44366,1,classic,female,34,pass
19248,12,1604,13,"monthly issuance",75232,5,41.7,8980,2.08,111,2818.5000,200,36065.97500000001,72,0.69444,2,"no card",male,33,pass
146064,24,6086,5,"monthly issuance",323870,1,100,10673,5.095000000000001,100,18564.5000,200,44355.040909090916,22,0.72727,1,"no card",female,43,pass
4980,12,415,8,"monthly issuance",86513,5,50.5,8288,4.154999999999999,110,1511.0000,800,30533.371739130427,46,0.60870,1,"no card",female,41,pass
40632,12,3386,14,"weekly issuance",107870,6,58,8754,4.07,137,3836.0000,1100,48478.59067796608,118,0.40678,1,"no card",female,52,pass
71820,36,1995,13,"monthly issuance",86513,5,50.5,8288,4.154999999999999,110,1511.0000,700,54293.59240506331,79,0.84810,1,"no card",male,34,pass
207264,48,4318,9,"issuance after transaction",95907,7,59.1,8388,2.675,87,1663.0000,400,61345.099999999984,58,0.87931,2,"no card",male,34,pass
68664,24,2861,16,"weekly issuance",109164,4,63.6,8757,3.665,96,2341.5000,700,36855.823287671235,73,0.78082,2,"no card",female,17,pass
67464,12,5622,11,"monthly issuance",125236,5,87.7,9675,7.055,100,5256.5000,600,46016.19824561405,57,0.59649,1,"no card",male,61,pass
140688,48,2931,13,"monthly issuance",93931,8,56.9,8427,1.33,107,1893.5000,300,57514.34705882354,85,0.85882,2,"no card",male,56,pass
44088,24,1837,7,"monthly issuance",81344,6,55.3,8899,3.68,149,2737.0000,1000,36548.81875,32,0.68750,1,"no card",female,44,pass
174840,60,2914,12,"monthly issuance",109164,4,63.6,8757,3.665,96,2341.5000,1100,34822.46896551726,87,0.50575,1,"no card",female,47,pass
174960,24,7290,22,"monthly issuance",102609,6,52,8187,5.140000000000001,94,2128.5000,1000,58926.411188811166,143,0.85315,1,"no card",female,20,pass
161496,36,4486,20,"weekly issuance",226122,4,62.6,8994,4.295,110,9440.0000,500,33219.900000000016,130,0.70000,1,"no card",male,24,pass
158760,60,2646,22,"monthly issuance",78955,9,59,9060,2.11,124,1686.0000,900,24908.76144578313,166,0.43373,1,"no card",male,17,pass
14028,12,1169,22,"monthly issuance",107911,7,50.9,8240,3.045,99,1876.5000,400,51802.019230769234,156,0.62821,1,"no card",female,51,pass
271584,48,5658,16,"monthly issuance",1204953,1,100,12541,0.36,167,92392.0000,800,62387.089999999975,90,0.82222,1,"no card",male,21,pass
23628,12,1969,17,"monthly issuance",85852,4,59.8,8965,7.655,104,2737.5000,1000,47420.84181818182,110,0.72727,1,"no card",male,40,pass
316140,60,5269,22,"monthly issuance",1204953,1,100,12541,0.36,167,92392.0000,800,18632.933812949657,139,0.84173,1,"no card",male,26,fail
444864,48,9268,11,"monthly issuance",197099,10,74.7,9624,1.955,145,4374.5000,800,32404.773437500007,64,0.65625,2,"no card",male,32,pass
460980,60,7683,5,"monthly issuance",75232,5,41.7,8980,2.08,111,2818.5000,400,45410.15000000001,26,0.76923,1,"no card",female,32,fail
76380,12,6365,8,"monthly issuance",1204953,1,100,12541,0.36,167,92392.0000,1100,26122.848888888893,45,0.55556,1,"no card",female,37,pass
18564,12,1547,4,"monthly issuance",1204953,1,100,12541,0.36,167,92392.0000,200,35538.04615384616,13,0.69231,1,"no card",female,32,pass
68544,24,2856,8,"weekly issuance",114006,9,62.3,9065,4.925,123,4156.5000,900,44948.62592592594,54,0.42593,2,"no card",male,20,pass
63252,12,5271,22,"monthly issuance",94725,6,63.4,9920,2.565,130,4567.5000,13097.7,49291.82256097559,164,0.50610,1,"no card",female,46,pass
23052,12,1921,20,"monthly issuance",387570,1,100,9897,1.78,140,18708.5000,700,23771.966081871346,171,0.53216,2,"no card",female,53,pass
307200,60,5120,12,"monthly issuance",107911,7,50.9,8240,3.045,99,1876.5000,200,44484.07500000003,68,0.82353,1,"no card",male,35,fail
74916,36,2081,21,"monthly issuance",1204953,1,100,12541,0.36,167,92392.0000,600,56133.65266272184,169,0.68047,1,"no card",male,56,pass
153936,24,6414,3,"monthly issuance",105606,7,53,8254,3.275,97,2245.5000,1100,58031.62727272727,11,0.36364,1,"no card",male,48,pass
334620,60,5577,8,"monthly issuance",139012,10,61.9,8363,3.005,108,2681.5000,1100,64863.954285714295,35,0.54286,2,"no card",female,36,pass
133848,24,5577,22,"monthly issuance",114006,9,62.3,9065,4.925,123,4156.5000,600,42220.02946428571,112,0.80357,1,"no card",female,37,pass
96984,36,2694,9,"monthly issuance",112065,8,69.4,11277,1.345,127,5083.0000,800,21298.779999999995,55,0.34545,1,"no card",male,26,pass
107352,36,2982,17,"weekly issuance",67298,7,43.8,8561,0.97,110,1078.0000,600,57995.11904761904,84,0.71429,1,"no card",female,57,pass
63576,12,5298,6,"monthly issuance",1204953,1,100,12541,0.36,167,92392.0000,500,59128.587499999994,32,0.43750,1,"no card",female,37,pass
84600,36,2350,6,"monthly issuance",387570,1,100,9897,1.78,140,18708.5000,900,41766.69375,32,0.84375,1,"no card",male,58,fail
84288,48,1756,4,"monthly issuance",161954,8,48,8720,4.115,116,3690.0000,1000,29824.124999999996,12,0.75000,1,"no card",female,19,pass
106128,36,2948,11,"weekly issuance",159617,9,85.2,9198,3.805,131,5964.0000,900,36071.942307692305,52,0.59615,1,"no card",male,19,pass
158976,48,3312,17,"monthly issuance",139012,10,61.9,8363,3.005,108,2681.5000,600,49916.09102564106,156,0.62821,1,"no card",male,56,pass
137904,24,5746,4,"monthly issuance",75637,7,36.5,9622,0.52,154,3502.0000,600,26886.191666666666,12,0.75000,1,"no card",male,27,fail
41856,48,872,14,"monthly issuance",387570,1,100,9897,1.78,140,18708.5000,800,38559.26407766989,103,0.58252,1,"no card",female,36,pass
151200,36,4200,7,"monthly issuance",77963,4,51.5,8546,3.485,126,2880.0000,1000,66345.68249999998,40,0.75000,1,"no card",male,51,pass
100800,24,4200,15,"monthly issuance",102609,6,52,8187,5.140000000000001,94,2128.5000,-1571.5,26649.770312500008,64,0.56250,1,"no card",male,59,fail
212976,36,5916,22,"monthly issuance",1204953,1,100,12541,0.36,167,92392.0000,1100,49635.71543624161,149,0.74497,2,"no card",female,24,pass
405780,60,6763,22,"monthly issuance",145688,5,40.7,8544,1.5750000000000002,109,2812.5000,700,34044.42954545455,176,0.55682,1,"no card",male,46,pass
79632,24,3318,4,"monthly issuance",125832,5,48.3,8512,3.815,102,2175.0000,900,63494.200000000004,16,0.37500,1,"no card",female,35,pass
244560,60,4076,8,"monthly issuance",124605,8,46,8772,4.835000000000001,126,3006.0000,1000,38426.728571428575,42,0.54762,1,"no card",female,26,pass
41988,12,3499,20,"monthly issuance",148545,4,53.5,8909,4.785,113,3525.0000,200,37122.396124031,129,0.72868,2,"no card",male,25,pass
164196,36,4561,15,"issuance after transaction",197099,10,74.7,9624,1.955,145,4374.5000,500,49558.68571428572,49,0.79592,1,"no card",female,40,pass
51360,12,4280,12,"monthly issuance",117897,6,53.8,8814,5.25,107,2085.5000,-2542.1,53636.37471264369,87,0.85057,1,"no card",female,51,fail
51408,24,2142,12,"monthly issuance",45714,6,55.6,8843,3.21,113,853.0000,900,52299.2859375,64,0.81250,1,"no card",male,45,pass
100128,24,4172,19,"monthly issuance",323870,1,100,10673,5.095000000000001,100,18564.5000,700,56496.39136690645,139,0.74101,1,"no card",female,49,pass
327660,60,5461,21,"monthly issuance",85852,4,59.8,8965,7.655,104,2737.5000,1000,49281.73888888887,126,0.70635,1,"no card",female,56,pass
90156,12,7513,12,"monthly issuance",42821,3,48.4,8173,3.505,124,679.0000,700,77525.11692307693,65,0.61538,2,"no card",female,50,pass
221280,48,4610,12,"weekly issuance",323870,1,100,10673,5.095000000000001,100,18564.5000,1100,37596.93239436619,71,0.56338,2,"no card",male,26,pass
97224,24,4051,17,"monthly issuance",122603,8,80,8991,1.6999999999999997,128,5235.5000,1000,22360.536607142865,112,0.62500,2,"no card",female,43,pass
74040,12,6170,20,"monthly issuance",182027,7,56.4,8746,3.535,90,4394.0000,600,44234.82947368421,190,0.53158,1,"no card",female,41,pass
73836,36,2051,6,"monthly issuance",119895,4,89.9,10446,8.370000000000001,90,4845.0000,900,55315.168421052644,19,0.73684,1,"no card",female,28,pass
87816,12,7318,15,"monthly issuance",105058,10,81,9272,3.01,118,4422.5000,800,25533.21428571429,84,0.70238,2,"no card",male,33,pass
192744,36,5354,4,"monthly issuance",145688,5,40.7,8544,1.5750000000000002,109,2812.5000,200,62590.42307692308,26,0.84615,2,"no card",male,32,pass
192744,36,5354,16,"monthly issuance",110643,4,51.9,8441,3.9650000000000003,115,2065.5000,700,37265.655263157896,76,0.81579,2,"no card",female,23,pass
321240,60,5354,17,"monthly issuance",177686,9,74.8,10045,1.565,135,6449.5000,700,76826.46397058821,136,0.87500,1,"no card",male,28,pass
66480,24,2770,4,"weekly issuance",182027,7,56.4,8746,3.535,90,4394.0000,900,34798.28,10,0.70000,1,"no card",male,60,fail
86184,36,2394,15,"weekly issuance",74062,7,61.4,8114,2.5,119,1092.0000,300,28459.64523809525,84,0.48810,1,"no card",male,29,pass
93960,60,1566,14,"monthly issuance",77917,5,53.5,8390,2.585,132,2101.0000,800,54520.20224719103,89,0.62921,1,"no card",male,34,pass
15192,24,633,22,"monthly issuance",122603,8,80,8991,1.6999999999999997,128,5235.5000,500,29941.905325443775,169,0.55621,1,"no card",female,23,pass
135360,48,2820,11,"monthly issuance",102609,6,52,8187,5.140000000000001,94,2128.5000,200,64881.31428571429,77,0.85714,1,junior,male,20,pass
81144,36,2254,9,"monthly issuance",228848,6,57.2,9893,4.404999999999999,96,5755.0000,200,67815.17450980392,51,0.80392,1,"no card",female,53,pass
61320,60,1022,10,"monthly issuance",124605,8,46,8772,4.835000000000001,126,3006.0000,700,23137.19054054054,74,0.56757,1,"no card",female,50,pass
300204,36,8339,11,"monthly issuance",67298,7,43.8,8561,0.97,110,1078.0000,300,34084.460563380286,71,0.83099,1,"no card",male,30,pass
20220,12,1685,11,"monthly issuance",81344,6,55.3,8899,3.68,149,2737.0000,500,41077.63529411764,51,0.72549,1,"no card",female,22,pass
64656,48,1347,4,"monthly issuance",67298,7,43.8,8561,0.97,110,1078.0000,200,25896.466666666664,12,0.75000,2,"no card",male,49,pass
66696,24,2779,3,"monthly issuance",1204953,1,100,12541,0.36,167,92392.0000,1000,58360.681249999994,16,0.75000,1,"no card",male,22,pass
66696,24,2779,7,"monthly issuance",75232,5,41.7,8980,2.08,111,2818.5000,1100,51945.21627906976,43,0.83721,1,"no card",female,30,fail
33348,12,2779,12,"monthly issuance",81344,6,55.3,8899,3.68,149,2737.0000,700,45807.11428571426,63,0.82540,1,"no card",female,26,pass
87528,24,3647,12,"issuance after transaction",148545,4,53.5,8909,4.785,113,3525.0000,800,42728.93157894737,57,0.59649,2,"no card",male,46,pass
402000,60,6700,10,"monthly issuance",149893,6,67.4,9753,4.845,109,5568.0000,200,21568.935185185186,54,0.62963,1,"no card",male,16,pass
106944,24,4456,4,"monthly issuance",86513,5,50.5,8288,4.154999999999999,110,1511.0000,800,57324.07222222222,18,0.38889,1,"no card",female,44,pass
162624,48,3388,19,"monthly issuance",285387,7,89.9,10177,7.1899999999999995,81,9993.0000,16399.9,37092.94552238804,134,0.47761,1,"no card",female,39,pass
97176,24,4049,4,"monthly issuance",112065,8,69.4,11277,1.345,127,5083.0000,400,66376.84999999999,16,0.43750,1,"no card",female,42,pass
168264,36,4674,6,"monthly issuance",182027,7,56.4,8746,3.535,90,4394.0000,700,40044.57600000001,25,0.44000,1,"no card",male,47,pass
107640,24,4485,5,"monthly issuance",88884,5,46.7,8507,1.76,132,2416.5000,600,50214.50434782608,23,0.43478,1,"no card",female,35,pass
204780,60,3413,6,"monthly issuance",387570,1,100,9897,1.78,140,18708.5000,200,48890.17826086957,23,0.73913,1,"no card",male,44,pass
465072,48,9689,17,"monthly issuance",125832,5,48.3,8512,3.815,102,2175.0000,300,27778.745631067944,103,0.83495,2,"no card",male,47,pass
219456,48,4572,3,"monthly issuance",112709,10,73.5,8369,2.05,117,2736.0000,400,44366.054545454535,11,0.36364,2,"no card",female,37,pass
465504,48,9698,12,"monthly issuance",226122,4,62.6,8994,4.295,110,9440.0000,1100,26347.124418604642,86,0.50000,1,"no card",male,35,fail
59136,48,1232,8,"monthly issuance",170449,1,100,10787,2.865,131,6151.0000,6620,23023.659090909092,44,0.81818,1,"no card",female,17,pass
21396,12,1783,14,"monthly issuance",58796,5,51.9,9045,3.365,124,1862.0000,1000,30812.94615384615,78,0.62821,2,"no card",male,26,pass
141648,24,5902,6,"monthly issuance",139012,10,61.9,8363,3.005,108,2681.5000,200,45100.422222222216,18,0.72222,2,"no card",male,44,pass
213300,36,5925,10,"monthly issuance",162580,6,72.8,9538,1.6600000000000001,111,5744.5000,400,27951.91355932202,59,0.74576,1,"no card",male,31,pass
335184,48,6983,13,"monthly issuance",106054,6,63.1,8110,6.16,109,3161.5000,-6652.7,38710.011363636375,88,0.57955,1,"no card",female,20,fail
76080,12,6340,12,"monthly issuance",95616,6,51.4,9307,4.14,118,2828.0000,300,50621.10493827164,81,0.50617,1,junior,female,17,pass
117024,24,4876,4,"monthly issuance",177686,9,74.8,10045,1.565,135,6449.5000,800,44131.16923076923,13,0.38462,1,"no card",male,58,pass
98832,48,2059,22,"monthly issuance",95907,7,59.1,8388,2.675,87,1663.0000,500,31814.268361581915,177,0.55932,1,"no card",female,25,pass
143904,24,5996,17,"monthly issuance",107870,6,58,8754,4.07,137,3836.0000,700,49727.456115107925,139,0.64748,1,"no card",male,43,pass
359760,60,5996,15,"monthly issuance",161854,6,76.3,9425,2.11,125,3988.0000,900,32434.693749999995,48,0.75000,1,"no card",male,17,pass
289920,48,6040,10,"monthly issuance",133777,11,84.7,8705,6.68,116,4754.5000,400,58959.27777777777,45,0.57778,1,"no card",female,53,pass
150180,60,2503,6,"weekly issuance",110643,4,51.9,8441,3.9650000000000003,115,2065.5000,200,50892,16,0.75000,1,"no card",male,59,pass
179328,48,3736,10,"monthly issuance",387570,1,100,9897,1.78,140,18708.5000,200,44093.97115384614,52,0.71154,1,"no card",male,23,pass
258444,36,7179,6,"weekly issuance",1204953,1,100,12541,0.36,167,92392.0000,600,40688.1375,16,0.68750,1,"no card",male,30,pass
128988,36,3583,18,"weekly issuance",70646,4,58.4,8547,3.145,120,1552.5000,-36.1,34740.70243902438,82,0.78049,1,"no card",male,56,fail
165168,36,4588,15,"monthly issuance",1204953,1,100,12541,0.36,167,92392.0000,300,35478.66185567011,97,0.47423,2,"no card",female,38,pass
110112,24,4588,10,"monthly issuance",107911,7,50.9,8240,3.045,99,1876.5000,700,76232.69999999997,82,0.80488,1,"no card",male,33,pass
11400,12,950,11,"monthly issuance",387570,1,100,9897,1.78,140,18708.5000,300,27533.66363636363,77,0.55844,1,"no card",female,16,pass
61656,24,2569,5,"weekly issuance",53921,2,41.3,8598,3.0149999999999997,123,1736.0000,400,44763.45833333334,12,0.75000,1,"no card",female,42,fail
317520,60,5292,9,"monthly issuance",77963,4,51.5,8546,3.485,126,2880.0000,1100,56757.3095890411,73,0.56164,1,"no card",female,28,pass
53232,48,1109,20,"monthly issuance",226122,4,62.6,8994,4.295,110,9440.0000,1100,30896.002666666693,150,0.64000,1,"no card",male,32,pass
323472,48,6739,13,"monthly issuance",1204953,1,100,12541,0.36,167,92392.0000,200,45414.07368421051,57,0.75439,1,"no card",female,53,pass
20352,48,424,9,"monthly issuance",109164,4,63.6,8757,3.665,96,2341.5000,400,31814.414583333335,48,0.70833,2,"no card",female,47,pass
57060,12,4755,13,"weekly issuance",228848,6,57.2,9893,4.404999999999999,96,5755.0000,900,46000.645348837184,86,0.60465,1,"no card",male,54,pass
22356,36,621,10,"monthly issuance",95616,6,51.4,9307,4.14,118,2828.0000,6392,25150.975925925926,54,0.68519,1,"no card",male,57,pass
58764,12,4897,16,"monthly issuance",387570,1,100,9897,1.78,140,18708.5000,700,32543.26470588236,34,0.64706,2,"no card",female,52,pass
399120,60,6652,14,"monthly issuance",138032,5,64.6,8819,5.52,99,4284.0000,300,42435.31166666668,60,0.81667,1,"no card",female,54,pass
79824,12,6652,5,"weekly issuance",53921,2,41.3,8598,3.0149999999999997,123,1736.0000,300,49309.00967741936,31,0.74194,1,"no card",male,40,pass
320976,48,6687,8,"monthly issuance",1204953,1,100,12541,0.36,167,92392.0000,1000,49482.968,50,0.56000,1,"no card",male,59,fail
14628,12,1219,13,"monthly issuance",157042,9,33.9,8743,2.1550000000000002,111,3776.5000,200,32788.142156862734,102,0.54902,1,"no card",female,45,pass
173808,24,7242,12,"issuance after transaction",148545,4,53.5,8909,4.785,113,3525.0000,1000,61218.65866666666,75,0.66667,2,"no card",female,37,pass
193968,36,5388,6,"issuance after transaction",226122,4,62.6,8994,4.295,110,9440.0000,800,63579.21724137931,29,0.72414,1,"no card",male,21,pass
276300,60,4605,15,"monthly issuance",197099,10,74.7,9624,1.955,145,4374.5000,500,25997.563043478258,92,0.71739,1,"no card",male,20,pass
129312,24,5388,22,"monthly issuance",149893,6,67.4,9753,4.845,109,5568.0000,-8657.3,45330.91973684214,152,0.85526,1,"no card",female,24,fail
117420,60,1957,6,"monthly issuance",75685,9,60.8,8208,2.0749999999999997,155,1891.5000,500,40841.79534883722,43,0.74419,1,"no card",male,30,pass
79608,24,3317,10,"monthly issuance",105606,7,53,8254,3.275,97,2245.5000,800,69954.57169811323,53,0.60377,1,"no card",male,23,pass
170832,48,3559,11,"monthly issuance",58796,5,51.9,9045,3.365,124,1862.0000,700,65037.92923076924,65,0.55385,1,"no card",male,28,pass
240528,48,5011,18,"monthly issuance",162580,6,72.8,9538,1.6600000000000001,111,5744.5000,600,41135.01098901101,91,0.61538,1,"no card",male,41,pass
300660,60,5011,9,"monthly issuance",128118,8,85.3,9317,6.78,97,6910.5000,800,45854.89090909089,66,0.63636,1,"no card",male,44,pass
90180,36,2505,4,"monthly issuance",72541,8,36.9,8594,1.815,112,1552.5000,200,31516.34615384616,13,0.38462,1,"no card",male,36,pass
68340,60,1139,20,"monthly issuance",149893,6,67.4,9753,4.845,109,5568.0000,500,41735.420175438594,114,0.70175,1,"no card",male,43,pass
202848,48,4226,11,"weekly issuance",127369,7,51.2,8369,5.305,107,3271.5000,800,37200.39594594594,74,0.48649,2,"no card",female,56,pass
149340,60,2489,10,"weekly issuance",105606,7,53,8254,3.275,97,2245.5000,500,29069.116071428572,56,0.53571,1,"no card",male,31,pass
158184,36,4394,16,"monthly issuance",162580,6,72.8,9538,1.6600000000000001,111,5744.5000,400,47679.973684210534,95,0.82105,1,"no card",male,44,pass
368880,60,6148,19,"monthly issuance",125832,5,48.3,8512,3.815,102,2175.0000,1100,60030.74340659335,182,0.62637,2,"no card",male,21,pass
174744,24,7281,5,"monthly issuance",122603,8,80,8991,1.6999999999999997,128,5235.5000,1000,37485.456249999996,32,0.84375,1,"no card",female,45,fail
174744,24,7281,14,"monthly issuance",125236,5,87.7,9675,7.055,100,5256.5000,-1369.2,26252.814406779675,118,0.51695,1,"no card",female,15,fail
78696,36,2186,7,"monthly issuance",226122,4,62.6,8994,4.295,110,9440.0000,1000,40292.341463414625,41,0.36585,1,"no card",female,26,pass
349392,48,7279,21,"monthly issuance",161954,8,48,8720,4.115,116,3690.0000,900,59951.07517241378,145,0.73103,1,classic,male,43,pass
209184,48,4358,12,"monthly issuance",139012,10,61.9,8363,3.005,108,2681.5000,1000,46230.339705882354,68,0.63235,1,"no card",male,41,pass
32640,48,680,15,"monthly issuance",161854,6,76.3,9425,2.11,125,3988.0000,300,25906.40934579439,107,0.65421,1,"no card",male,53,pass
140880,60,2348,8,"monthly issuance",58796,5,51.9,9045,3.365,124,1862.0000,800,45160.51162790696,43,0.72093,1,"no card",male,40,pass
44628,12,3719,20,"weekly issuance",53921,2,41.3,8598,3.0149999999999997,123,1736.0000,900,49477.32123287672,146,0.60959,1,"no card",male,52,pass
221880,60,3698,10,"monthly issuance",81344,6,55.3,8899,3.68,149,2737.0000,1000,44440.91267605633,71,0.39437,2,"no card",female,53,pass
44376,12,3698,5,"monthly issuance",58796,5,51.9,9045,3.365,124,1862.0000,800,53505.215384615396,39,0.76923,1,"no card",male,34,pass
177504,48,3698,17,"issuance after transaction",51428,4,52.7,8402,3.5549999999999997,120,1049.0000,14855.3,44723.35581395345,86,0.80233,1,"no card",male,53,pass
83016,12,6918,20,"monthly issuance",285387,7,89.9,10177,7.1899999999999995,81,9993.0000,700,67891.93520408169,196,0.70918,1,"no card",male,15,pass
225420,60,3757,10,"monthly issuance",117897,6,53.8,8814,5.25,107,2085.5000,200,31185.1568627451,51,0.82353,1,"no card",female,46,pass
285600,60,4760,8,"weekly issuance",95616,6,51.4,9307,4.14,118,2828.0000,1100,49651.8918367347,49,0.85714,2,"no card",female,14,pass
98592,24,4108,6,"issuance after transaction",92084,5,46.7,10124,0.55,141,4063.0000,900,54128.565384615365,26,0.46154,1,"no card",female,31,pass
99216,36,2756,14,"monthly issuance",1204953,1,100,12541,0.36,167,92392.0000,300,57018.61744186047,86,0.73256,2,"no card",female,47,pass
103680,60,1728,19,"monthly issuance",95907,7,59.1,8388,2.675,87,1663.0000,500,28250.10917431192,109,0.82569,1,"no card",male,23,fail
232560,48,4845,20,"issuance after transaction",177686,9,74.8,10045,1.565,135,6449.5000,200,40175.61250000002,176,0.42614,1,"no card",female,57,pass
290700,60,4845,12,"monthly issuance",139012,10,61.9,8363,3.005,108,2681.5000,-2825.2,59647.42399999999,100,0.87000,1,"no card",female,36,fail
232560,48,4845,5,"issuance after transaction",323870,1,100,10673,5.095000000000001,100,18564.5000,600,63188.63333333333,27,0.81481,1,"no card",female,25,pass
31176,24,1299,5,"monthly issuance",1204953,1,100,12541,0.36,167,92392.0000,700,46304.152173913026,23,0.69565,1,"no card",male,27,pass
123600,60,2060,9,"monthly issuance",285387,7,89.9,10177,7.1899999999999995,81,9993.0000,300,39514.6775510204,49,0.79592,2,"no card",male,28,pass
177804,36,4939,13,"monthly issuance",95616,6,51.4,9307,4.14,118,2828.0000,800,54375.023076923084,91,0.85714,1,"no card",female,26,pass
65184,12,5432,14,"monthly issuance",387570,1,100,9897,1.78,140,18708.5000,900,47426.54999999998,82,0.64634,1,"no card",male,36,pass
184620,60,3077,19,"monthly issuance",77917,5,53.5,8390,2.585,132,2101.0000,1100,34785.53451327433,113,0.52212,1,"no card",female,34,pass
87216,48,1817,6,"monthly issuance",58796,5,51.9,9045,3.365,124,1862.0000,200,28362.248484848486,33,0.45455,1,"no card",male,30,fail
78720,48,1640,12,"monthly issuance",67298,7,43.8,8561,0.97,110,1078.0000,1000,45921.198591549284,71,0.71831,1,"no card",female,54,pass
141240,24,5885,12,"monthly issuance",102609,6,52,8187,5.140000000000001,94,2128.5000,1000,57219.574509803926,102,0.42157,1,"no card",male,32,pass
61056,48,1272,11,"monthly issuance",1204953,1,100,12541,0.36,167,92392.0000,900,36039.0515625,64,0.64063,1,"no card",female,37,pass
28248,24,1177,18,"monthly issuance",162580,6,72.8,9538,1.6600000000000001,111,5744.5000,400,45582.44893617019,94,0.80851,1,"no card",female,25,pass
464520,60,7742,8,"weekly issuance",77963,4,51.5,8546,3.485,126,2880.0000,200,51760.01617647061,68,0.86765,1,"no card",female,52,fail
11736,24,489,17,"monthly issuance",1204953,1,100,12541,0.36,167,92392.0000,1100,42224.43909774433,133,0.58647,1,"no card",male,56,pass
276660,36,7685,10,"monthly issuance",124605,8,46,8772,4.835000000000001,126,3006.0000,500,19256.89482758621,58,0.82759,1,"no card",male,45,fail
5148,12,429,14,"monthly issuance",1204953,1,100,12541,0.36,167,92392.0000,1000,43197.28125,80,0.72500,1,"no card",female,35,pass
321360,60,5356,19,"monthly issuance",122603,8,80,8991,1.6999999999999997,128,5235.5000,700,52905.40714285715,140,0.60714,1,"no card",male,23,pass
407952,48,8499,15,"monthly issuance",51428,4,52.7,8402,3.5549999999999997,120,1049.0000,-1449.6,14785.585897435903,78,0.80769,1,"no card",female,23,fail
360864,48,7518,12,"weekly issuance",77963,4,51.5,8546,3.485,126,2880.0000,500,52871.42441860465,86,0.79070,1,"no card",female,19,fail
26208,36,728,4,"monthly issuance",45714,6,55.6,8843,3.21,113,853.0000,1000,27419.850000000002,12,0.75000,1,"no card",female,24,pass
270648,36,7518,10,"weekly issuance",1204953,1,100,12541,0.36,167,92392.0000,200,60819.97638888886,72,0.72222,1,"no card",male,57,fail
67608,24,2817,6,"monthly issuance",387570,1,100,9897,1.78,140,18708.5000,200,30181.317391304354,23,0.47826,2,"no card",female,34,pass
59760,24,2490,10,"monthly issuance",323870,1,100,10673,5.095000000000001,100,18564.5000,300,40204.46481481482,54,0.72222,2,"no card",male,35,pass
247920,48,5165,13,"monthly issuance",125236,5,87.7,9675,7.055,100,5256.5000,1000,54799.85662650602,83,0.73494,1,classic,female,55,pass
247920,48,5165,8,"monthly issuance",106054,6,63.1,8110,6.16,109,3161.5000,200,23594.146666666664,15,0.73333,1,"no card",female,39,fail
398640,60,6644,16,"weekly issuance",323870,1,100,10673,5.095000000000001,100,18564.5000,400,63383.57558139535,86,0.61628,1,"no card",female,34,pass
87360,24,3640,7,"monthly issuance",95616,6,51.4,9307,4.14,118,2828.0000,200,69963.484057971,69,0.82609,1,"no card",male,60,pass
87360,24,3640,10,"monthly issuance",85852,4,59.8,8965,7.655,104,2737.5000,200,36783.95000000002,30,0.66667,1,"no card",male,31,pass
85632,48,1784,16,"monthly issuance",197099,10,74.7,9624,1.955,145,4374.5000,800,65066.73529411765,85,0.82353,1,"no card",female,47,pass
79920,60,1332,14,"monthly issuance",170449,1,100,10787,2.865,131,6151.0000,700,43846.97789473684,95,0.64211,1,"no card",male,41,pass
270384,48,5633,14,"monthly issuance",75232,5,41.7,8980,2.08,111,2818.5000,700,47654.244827586175,87,0.55172,1,"no card",male,34,pass
17508,12,1459,14,"monthly issuance",323870,1,100,10673,5.095000000000001,100,18564.5000,900,39290.618055555555,72,0.80556,1,"no card",male,48,pass
181020,60,3017,18,"monthly issuance",78955,9,59,9060,2.11,124,1686.0000,500,34005.90645161289,93,0.62366,2,"no card",female,30,pass
72408,24,3017,4,"issuance after transaction",51313,4,59.2,8930,3.8600000000000003,108,1390.0000,700,45099.26153846154,13,0.69231,1,"no card",female,37,fail
36684,12,3057,20,"monthly issuance",51313,4,59.2,8930,3.8600000000000003,108,1390.0000,700,30229.797600000013,125,0.84000,1,"no card",female,16,pass
110136,24,4589,18,"monthly issuance",1204953,1,100,12541,0.36,167,92392.0000,400,50815.80476190476,63,0.71429,1,"no card",female,38,pass
34572,12,2881,7,"monthly issuance",1204953,1,100,12541,0.36,167,92392.0000,1100,60619.16000000002,40,0.85000,1,"no card",female,20,pass
10944,36,304,21,"monthly issuance",125236,5,87.7,9675,7.055,100,5256.5000,300,22935.072121212106,165,0.54545,1,"no card",male,46,pass
150912,36,4192,10,"monthly issuance",102609,6,52,8187,5.140000000000001,94,2128.5000,700,52250.26119402984,67,0.85075,2,"no card",female,21,pass
43164,12,3597,11,"monthly issuance",117897,6,53.8,8814,5.25,107,2085.5000,800,68377.06376811591,69,0.65217,1,"no card",female,19,pass
76908,12,6409,16,"monthly issuance",107870,6,58,8754,4.07,137,3836.0000,1100,52890.40392156866,102,0.84314,1,"no card",female,48,fail
104964,12,8747,21,"monthly issuance",77963,4,51.5,8546,3.485,126,2880.0000,500,41026.33145161289,124,0.70161,1,"no card",male,31,pass
38496,12,3208,12,"monthly issuance",94725,6,63.4,9920,2.565,130,4567.5000,800,42732.336111111115,36,0.63889,1,classic,female,34,pass
76992,24,3208,4,"monthly issuance",323870,1,100,10673,5.095000000000001,100,18564.5000,900,61992.3,35,0.85714,1,"no card",male,31,pass
212400,36,5900,12,"weekly issuance",85852,4,59.8,8965,7.655,104,2737.5000,300,51034.361971830986,71,0.83099,1,"no card",female,27,pass
390660,60,6511,10,"monthly issuance",1204953,1,100,12541,0.36,167,92392.0000,300,63544.64567901238,81,0.79012,1,"no card",female,19,pass
60156,36,1671,7,"monthly issuance",93931,8,56.9,8427,1.33,107,1893.5000,400,72667.63571428572,56,0.73214,1,"no card",male,19,fail
100260,60,1671,22,"monthly issuance",1204953,1,100,12541,0.36,167,92392.0000,1000,40047.08387096776,62,0.74194,1,"no card",male,29,pass
294384,48,6133,18,"monthly issuance",387570,1,100,9897,1.78,140,18708.5000,1100,61692.0775193798,129,0.86047,1,"no card",female,30,pass
116496,24,4854,22,"monthly issuance",117897,6,53.8,8814,5.25,107,2085.5000,600,41285.01833333332,120,0.64167,1,"no card",male,39,pass
22968,36,638,3,"monthly issuance",93931,8,56.9,8427,1.33,107,1893.5000,1000,23324.93636363636,11,0.72727,1,"no card",female,46,pass
127200,48,2650,15,"monthly issuance",88768,7,80.5,8867,1.115,130,3502.0000,400,28863.030526315808,95,0.47368,1,"no card",male,32,pass
95400,36,2650,8,"weekly issuance",75685,9,60.8,8208,2.0749999999999997,155,1891.5000,200,41562.32340425534,47,0.80851,1,"no card",male,22,pass
64860,60,1081,18,"monthly issuance",85852,4,59.8,8965,7.655,104,2737.5000,200,44890.033333333304,132,0.54545,1,"no card",female,18,pass
137880,60,2298,15,"weekly issuance",78955,9,59,9060,2.11,124,1686.0000,200,24523.073033707864,89,0.65169,1,"no card",male,31,fail
37908,12,3159,15,"monthly issuance",145688,5,40.7,8544,1.5750000000000002,109,2812.5000,800,42164.027631578945,76,0.61842,1,"no card",female,19,pass
17184,12,1432,10,"monthly issuance",1204953,1,100,12541,0.36,167,92392.0000,400,29906.531428571434,70,0.60000,1,"no card",female,52,pass
124344,36,3454,20,"monthly issuance",161854,6,76.3,9425,2.11,125,3988.0000,321,25654.37837837838,148,0.52027,1,"no card",female,17,pass
49320,36,1370,13,"monthly issuance",110643,4,51.9,8441,3.9650000000000003,115,2065.5000,900,35987.26296296295,81,0.59259,1,"no card",male,31,pass
139488,24,5812,18,"weekly issuance",75232,5,41.7,8980,2.08,111,2818.5000,1100,46755.30576923075,104,0.65385,1,"no card",male,29,pass
194880,48,4060,18,"monthly issuance",323870,1,100,10673,5.095000000000001,100,18564.5000,300,36421.42566371682,113,0.55752,1,"no card",male,15,pass
25944,24,1081,8,"monthly issuance",118650,3,85.6,9832,3.9000000000000004,114,5958.0000,600,56927.45405405403,37,0.78378,1,"no card",female,34,pass
475680,48,9910,4,"monthly issuance",159617,9,85.2,9198,3.805,131,5964.0000,700,40812.49166666666,12,0.75000,2,"no card",female,30,pass
96768,36,2688,11,"monthly issuance",85852,4,59.8,8965,7.655,104,2737.5000,900,51611.34242424241,66,0.72727,2,"no card",female,28,pass
288720,48,6015,5,"monthly issuance",121947,11,70.5,8541,2.74,131,3667.5000,400,54677.280952380956,21,0.47619,1,"no card",male,54,pass
495180,60,8253,7,"monthly issuance",42821,3,48.4,8173,3.505,124,679.0000,600,44813.422580645165,31,0.58065,1,"no card",female,18,pass
63972,36,1777,3,"issuance after transaction",157042,9,33.9,8743,2.1550000000000002,111,3776.5000,300,21532.345454545455,11,0.36364,1,"no card",male,50,fail
194160,48,4045,17,"monthly issuance",161954,8,48,8720,4.115,116,3690.0000,900,28548.365413533837,133,0.50376,1,"no card",female,52,pass
234336,48,4882,21,"monthly issuance",1204953,1,100,12541,0.36,167,92392.0000,1000,42818.50295857987,169,0.43787,1,"no card",female,26,pass
47016,12,3918,7,"issuance after transaction",197099,10,74.7,9624,1.955,145,4374.5000,200,60382.08571428571,42,0.71429,1,"no card",female,35,pass
48672,36,1352,13,"monthly issuance",1204953,1,100,12541,0.36,167,92392.0000,300,23050.189690721658,97,0.49485,2,"no card",female,46,pass
74124,36,2059,17,"weekly issuance",107870,6,58,8754,4.07,137,3836.0000,400,54371.299180327886,122,0.60656,1,"no card",female,57,pass
49488,24,2062,7,"monthly issuance",161227,10,69.7,8678,5.75,102,4787.5000,300,50541.55312499999,32,0.53125,1,classic,female,56,pass
203940,60,3399,11,"monthly issuance",1204953,1,100,12541,0.36,167,92392.0000,400,42000.788888888885,54,0.68519,1,"no card",female,43,pass
99744,24,4156,17,"weekly issuance",94725,6,63.4,9920,2.565,130,4567.5000,700,40126.96862745097,102,0.54902,1,"no card",female,27,pass
49872,12,4156,22,"issuance after transaction",148545,4,53.5,8909,4.785,113,3525.0000,600,50265.36186046509,215,0.50698,1,"no card",female,31,pass
155640,24,6485,13,"monthly issuance",95616,6,51.4,9307,4.14,118,2828.0000,500,45183.3495238095,105,0.53333,1,"no card",female,53,pass
63360,60,1056,21,"monthly issuance",75685,9,60.8,8208,2.0749999999999997,155,1891.5000,700,29108.36386554621,119,0.69748,2,"no card",male,39,pass
152160,60,2536,20,"monthly issuance",74062,7,61.4,8114,2.5,119,1092.0000,500,28077.731404958675,121,0.52893,2,"no card",female,49,pass
73260,60,1221,5,"monthly issuance",285387,7,89.9,10177,7.1899999999999995,81,9993.0000,900,33927.08571428571,21,0.71429,1,"no card",female,56,pass
49044,12,4087,5,"monthly issuance",75637,7,36.5,9622,0.52,154,3502.0000,400,49296.52272727273,22,0.68182,1,"no card",female,44,pass
80952,24,3373,10,"monthly issuance",1204953,1,100,12541,0.36,167,92392.0000,1100,33312.53888888889,54,0.53704,2,"no card",male,48,pass
30276,12,2523,12,"monthly issuance",103347,7,67,9104,1.79,123,2326.5000,1000,31318.872826086954,92,0.46739,1,"no card",female,57,fail
30276,12,2523,16,"monthly issuance",228848,6,57.2,9893,4.404999999999999,96,5755.0000,900,61588.3371951219,164,0.64634,1,"no card",male,35,pass
110736,48,2307,8,"weekly issuance",51428,4,52.7,8402,3.5549999999999997,120,1049.0000,13026.6,30696.238181818193,55,0.45455,1,"no card",female,58,pass
55368,24,2307,11,"monthly issuance",197099,10,74.7,9624,1.955,145,4374.5000,200,46061.31938775512,98,0.77551,1,"no card",female,54,pass
63312,48,1319,13,"monthly issuance",149893,6,67.4,9753,4.845,109,5568.0000,500,22551.779268292692,82,0.64634,1,"no card",female,38,pass
91200,24,3800,7,"monthly issuance",119895,4,89.9,10446,8.370000000000001,90,4845.0000,700,32558.533333333326,36,0.50000,2,"no card",female,38,pass
288468,36,8013,4,"monthly issuance",86513,5,50.5,8288,4.154999999999999,110,1511.0000,600,36999.52352941177,17,0.52941,1,"no card",female,36,pass
590820,60,9847,17,"monthly issuance",387570,1,100,9897,1.78,140,18708.5000,300,27937.978378378375,111,0.63964,1,"no card",male,30,pass
41952,12,3496,13,"monthly issuance",161854,6,76.3,9425,2.11,125,3988.0000,500,41502.0257142857,105,0.44762,1,"no card",male,22,pass
12792,12,1066,13,"monthly issuance",124605,8,46,8772,4.835000000000001,126,3006.0000,900,28534.937179487173,78,0.71795,1,"no card",female,24,pass
309600,48,6450,11,"weekly issuance",226122,4,62.6,8994,4.295,110,9440.0000,400,58185.589285714275,56,0.62500,1,"no card",male,20,pass
153504,48,3198,16,"monthly issuance",108871,6,62.1,8444,3.3550000000000004,106,2450.0000,300,33651.10360360362,111,0.47748,1,"no card",male,21,pass
130464,48,2718,21,"monthly issuance",93931,8,56.9,8427,1.33,107,1893.5000,1000,53546.7089005236,191,0.55497,1,"no card",male,23,pass
191880,60,3198,8,"monthly issuance",103347,7,67,9104,1.79,123,2326.5000,400,53685.786206896526,87,0.71264,1,"no card",male,46,pass
31728,24,1322,18,"monthly issuance",1204953,1,100,12541,0.36,167,92392.0000,600,31139.747863247856,117,0.72650,2,"no card",male,44,pass
320592,48,6679,15,"monthly issuance",145688,5,40.7,8544,1.5750000000000002,109,2812.5000,500,60781.30681818183,88,0.65909,2,classic,female,25,pass
170448,48,3551,15,"monthly issuance",228848,6,57.2,9893,4.404999999999999,96,5755.0000,1000,39297.33529411765,85,0.70588,2,"no card",female,54,pass
42384,12,3532,15,"monthly issuance",128118,8,85.3,9317,6.78,97,6910.5000,700,48865.98409090911,132,0.68939,1,"no card",female,56,pass
390096,48,8127,5,"monthly issuance",112709,10,73.5,8369,2.05,117,2736.0000,900,44346.15625,16,0.75000,2,"no card",male,18,pass
94488,24,3937,8,"monthly issuance",1204953,1,100,12541,0.36,167,92392.0000,800,60311.7666666667,66,0.69697,1,"no card",male,38,pass
220440,60,3674,21,"weekly issuance",102609,6,52,8187,5.140000000000001,94,2128.5000,600,38280.10266666666,75,0.68000,1,"no card",female,42,pass
45456,12,3788,10,"monthly issuance",53921,2,41.3,8598,3.0149999999999997,123,1736.0000,1000,39247.38750000001,56,0.62500,1,"no card",female,51,pass
140064,24,5836,22,"weekly issuance",51428,4,52.7,8402,3.5549999999999997,120,1049.0000,200,66051.9450704225,142,0.69014,1,"no card",female,47,pass
77544,36,2154,12,"monthly issuance",88884,5,46.7,8507,1.76,132,2416.5000,700,37934.86562499999,64,0.70313,1,"no card",female,55,pass
51696,24,2154,13,"monthly issuance",323870,1,100,10673,5.095000000000001,100,18564.5000,600,58226.50490196079,102,0.82353,1,classic,female,26,pass
27984,12,2332,17,"weekly issuance",139012,10,61.9,8363,3.005,108,2681.5000,500,30639.86315789473,76,0.65789,1,"no card",male,46,pass
196080,48,4085,7,"monthly issuance",87419,9,85.5,8624,2.225,102,3038.5000,900,49143.96595744681,47,0.85106,1,"no card",male,35,pass
372120,60,6202,21,"monthly issuance",197099,10,74.7,9624,1.955,145,4374.5000,500,64044.045930232496,172,0.87791,2,"no card",male,51,pass
189696,24,7904,8,"weekly issuance",51428,4,52.7,8402,3.5549999999999997,120,1049.0000,700,54137.10561797751,89,0.64045,2,"no card",male,50,pass
20832,48,434,18,"monthly issuance",85852,4,59.8,8965,7.655,104,2737.5000,500,21368.909933774838,151,0.53642,1,"no card",male,46,pass
189696,24,7904,4,"monthly issuance",110643,4,51.9,8441,3.9650000000000003,115,2065.5000,600,14900,5,1.00000,1,"no card",female,24,fail
91584,24,3816,6,"monthly issuance",1204953,1,100,12541,0.36,167,92392.0000,1000,50765.41612903225,31,0.58065,1,"no card",female,42,pass
68112,12,5676,17,"monthly issuance",138032,5,64.6,8819,5.52,99,4284.0000,300,47220.13401360546,147,0.48299,1,"no card",female,17,pass
72120,12,6010,20,"monthly issuance",139012,10,61.9,8363,3.005,108,2681.5000,1000,75686.06568627451,102,0.61765,2,"no card",female,44,pass
21852,36,607,5,"monthly issuance",125236,5,87.7,9675,7.055,100,5256.5000,700,38509.05000000001,18,0.66667,1,"no card",male,40,pass
79344,48,1653,18,"monthly issuance",87419,9,85.5,8624,2.225,102,3038.5000,300,23918.4942857143,105,0.68571,1,"no card",female,46,pass
153144,36,4254,18,"monthly issuance",67298,7,43.8,8561,0.97,110,1078.0000,300,58553.677192982395,171,0.66082,1,classic,male,28,pass
97392,12,8116,13,"monthly issuance",285387,7,89.9,10177,7.1899999999999995,81,9993.0000,200,36685.09135802469,81,0.71605,2,"no card",male,37,pass
84120,24,3505,3,"weekly issuance",42821,3,48.4,8173,3.505,124,679.0000,900,56910.689473684215,19,0.84211,1,"no card",female,46,pass
42900,12,3575,21,"monthly issuance",121947,11,70.5,8541,2.74,131,3667.5000,500,50590.532,175,0.67429,2,"no card",male,32,pass
71460,12,5955,10,"monthly issuance",157042,9,33.9,8743,2.1550000000000002,111,3776.5000,200,47991.530232558136,43,0.72093,2,"no card",male,49,pass
473280,60,7888,8,"monthly issuance",387570,1,100,9897,1.78,140,18708.5000,500,52777.34186046511,43,0.67442,1,"no card",female,30,fail
144960,48,3020,19,"monthly issuance",81344,6,55.3,8899,3.68,149,2737.0000,700,64162.6691780822,146,0.75342,1,"no card",female,31,pass
160656,24,6694,21,"monthly issuance",92084,5,46.7,10124,0.55,141,4063.0000,400,52422.49109589043,146,0.85616,1,"no card",female,27,pass
128268,36,3563,5,"monthly issuance",159617,9,85.2,9198,3.805,131,5964.0000,700,47029.53888888889,18,0.72222,1,"no card",male,54,pass
77640,12,6470,10,"weekly issuance",105606,7,53,8254,3.275,97,2245.5000,700,55570.304999999964,60,0.66667,1,"no card",male,26,pass
35856,24,1494,17,"monthly issuance",162580,6,72.8,9538,1.6600000000000001,111,5744.5000,600,55660.65578947367,95,0.70526,1,"no card",female,30,pass
93600,24,3900,10,"monthly issuance",81344,6,55.3,8899,3.68,149,2737.0000,900,40078.70727272727,55,0.54545,1,"no card",male,24,pass
140400,36,3900,12,"monthly issuance",1204953,1,100,12541,0.36,167,92392.0000,400,43563.619999999995,45,0.71111,1,"no card",male,53,pass
208320,48,4340,15,"weekly issuance",1204953,1,100,12541,0.36,167,92392.0000,200,43944.88941176472,85,0.64706,2,"no card",female,26,pass
49320,12,4110,5,"issuance after transaction",122603,8,80,8991,1.6999999999999997,128,5235.5000,900,46576.27755102042,49,0.69388,1,"no card",female,48,fail
260400,60,4340,18,"monthly issuance",182027,7,56.4,8746,3.535,90,4394.0000,600,37448.40472440945,127,0.62992,1,"no card",female,47,fail
56100,60,935,13,"monthly issuance",387570,1,100,9897,1.78,140,18708.5000,1000,20158.001470588235,68,0.69118,1,"no card",male,37,pass
220428,36,6123,5,"monthly issuance",106054,6,63.1,8110,6.16,109,3161.5000,600,60165.795,20,0.45000,1,"no card",male,34,pass
99300,60,1655,22,"monthly issuance",108871,6,62.1,8444,3.3550000000000004,106,2450.0000,600,39110.67083333333,144,0.60417,1,"no card",female,24,pass
155880,24,6495,21,"monthly issuance",114006,9,62.3,9065,4.925,123,4156.5000,1000,63263.1471830986,142,0.76056,2,"no card",female,27,pass
74736,36,2076,13,"monthly issuance",77917,5,53.5,8390,2.585,132,2101.0000,700,37912.99850746266,67,0.70149,1,"no card",male,28,pass
238716,36,6631,16,"weekly issuance",78955,9,59,9060,2.11,124,1686.0000,1000,65133.535849056614,106,0.48113,1,"no card",male,33,pass
29784,24,1241,4,"monthly issuance",170449,1,100,10787,2.865,131,6151.0000,200,27626.083333333332,12,0.75000,2,"no card",female,25,pass
97980,60,1633,20,"monthly issuance",45714,6,55.6,8843,3.21,113,853.0000,700,24067.298540145992,137,0.62044,1,"no card",female,17,pass
80340,12,6695,10,"monthly issuance",75637,7,36.5,9622,0.52,154,3502.0000,1100,61531.59038461539,52,0.63462,2,"no card",female,18,pass
36204,12,3017,15,"monthly issuance",102609,6,52,8187,5.140000000000001,94,2128.5000,-214.8,31916.898260869562,115,0.46957,1,"no card",male,60,fail
224604,36,6239,17,"monthly issuance",51313,4,59.2,8930,3.8600000000000003,108,1390.0000,200,57496.989247311816,93,0.64516,2,"no card",male,18,pass
87840,24,3660,4,"monthly issuance",53921,2,41.3,8598,3.0149999999999997,123,1736.0000,500,46318.55294117647,17,0.29412,2,"no card",female,13,pass
8616,24,359,12,"monthly issuance",108871,6,62.1,8444,3.3550000000000004,106,2450.0000,400,24946.63544303797,79,0.54430,1,"no card",male,21,pass
134784,24,5616,9,"monthly issuance",285387,7,89.9,10177,7.1899999999999995,81,9993.0000,900,44005.11272727273,55,0.69091,1,"no card",female,54,pass
309660,60,5161,4,"monthly issuance",121947,11,70.5,8541,2.74,131,3667.5000,1100,40151.71176470588,17,0.29412,2,"no card",female,38,pass
89040,60,1484,12,"monthly issuance",148545,4,53.5,8909,4.785,113,3525.0000,800,30045.4,87,0.60920,2,"no card",female,24,pass
247728,48,5161,7,"weekly issuance",1204953,1,100,12541,0.36,167,92392.0000,200,60054.734,50,0.64000,1,"no card",male,16,pass
7656,24,319,12,"monthly issuance",78955,9,59,9060,2.11,124,1686.0000,600,46444.63950617287,81,0.62963,2,"no card",female,31,pass
417060,60,6951,18,"monthly issuance",45714,6,55.6,8843,3.21,113,853.0000,200,58445.02702702706,74,0.63514,2,"no card",female,33,pass
333648,48,6951,10,"monthly issuance",177686,9,74.8,10045,1.565,135,6449.5000,500,61748.70206185566,97,0.67010,1,"no card",female,21,fail
266220,60,4437,17,"monthly issuance",70646,4,58.4,8547,3.145,120,1552.5000,900,34922.88125000001,144,0.50694,1,"no card",female,30,pass
220620,60,3677,17,"monthly issuance",70646,4,58.4,8547,3.145,120,1552.5000,1100,36907.45624999998,128,0.41406,1,"no card",female,52,pass
21072,24,878,4,"monthly issuance",149893,6,67.4,9753,4.845,109,5568.0000,1100,21575.68666666666,15,0.60000,1,"no card",female,29,pass
265320,36,7370,21,"monthly issuance",51428,4,52.7,8402,3.5549999999999997,120,1049.0000,700,35566.88108108108,148,0.61486,2,"no card",female,46,pass
85860,60,1431,14,"monthly issuance",88884,5,46.7,8507,1.76,132,2416.5000,1000,30461.404166666685,96,0.61458,1,"no card",female,39,pass
42840,12,3570,8,"monthly issuance",285387,7,89.9,10177,7.1899999999999995,81,9993.0000,1100,35642.19777777778,45,0.64444,1,"no card",male,60,pass
74688,12,6224,16,"monthly issuance",87419,9,85.5,8624,2.225,102,3038.5000,1100,48484.624107142874,112,0.46429,2,"no card",female,49,pass
93036,12,7753,14,"monthly issuance",387570,1,100,9897,1.78,140,18708.5000,400,53890.64326923074,104,0.58654,1,"no card",female,17,pass
174048,48,3626,11,"monthly issuance",162580,6,72.8,9538,1.6600000000000001,111,5744.5000,600,72968.38115942029,69,0.76812,1,"no card",female,44,pass
173016,36,4806,10,"weekly issuance",177686,9,74.8,10045,1.565,135,6449.5000,300,61799.24361702127,94,0.80851,1,"no card",female,51,pass
288360,60,4806,3,"issuance after transaction",1204953,1,100,12541,0.36,167,92392.0000,800,33211.759999999995,10,0.60000,1,"no card",male,58,pass
76680,24,3195,17,"monthly issuance",228848,6,57.2,9893,4.404999999999999,96,5755.0000,1000,62933.474825174824,143,0.46154,2,"no card",male,46,pass
230220,36,6395,11,"monthly issuance",323870,1,100,10673,5.095000000000001,100,18564.5000,-2719.7,27658.487804878045,82,0.51220,1,"no card",female,51,fail
47304,24,1971,17,"monthly issuance",197099,10,74.7,9624,1.955,145,4374.5000,400,68740.02335329345,167,0.71257,1,"no card",male,23,pass
185640,60,3094,9,"monthly issuance",112709,10,73.5,8369,2.05,117,2736.0000,400,29159.44181818182,55,0.50909,1,"no card",female,35,pass
240900,60,4015,17,"monthly issuance",110643,4,51.9,8441,3.9650000000000003,115,2065.5000,700,26268.190000000002,120,0.60833,1,"no card",female,49,pass
85716,36,2381,5,"monthly issuance",74062,7,61.4,8114,2.5,119,1092.0000,800,31337.257894736842,19,0.31579,2,"no card",male,58,pass
67980,12,5665,3,"monthly issuance",125832,5,48.3,8512,3.815,102,2175.0000,400,34806.92142857143,14,0.57143,1,"no card",female,50,pass
170700,60,2845,14,"monthly issuance",107911,7,50.9,8240,3.045,99,1876.5000,400,28620.39780219781,91,0.56044,1,"no card",male,26,pass
33144,12,2762,6,"monthly issuance",285387,7,89.9,10177,7.1899999999999995,81,9993.0000,900,32407.64687500001,32,0.56250,2,"no card",female,17,pass
88272,48,1839,13,"monthly issuance",1204953,1,100,12541,0.36,167,92392.0000,800,17535.779220779223,77,0.40260,1,"no card",female,18,pass
33984,48,708,12,"monthly issuance",197099,10,74.7,9624,1.955,145,4374.5000,600,38587.75999999999,70,0.68571,1,"no card",male,23,pass
74352,24,3098,18,"monthly issuance",1204953,1,100,12541,0.36,167,92392.0000,1100,45497.74206349205,126,0.48413,1,"no card",female,40,pass
125340,60,2089,15,"weekly issuance",1204953,1,100,12541,0.36,167,92392.0000,500,51145.51574803152,127,0.67717,1,"no card",male,51,pass
76104,24,3171,11,"monthly issuance",145688,5,40.7,8544,1.5750000000000002,109,2812.5000,1000,20237.192592592604,81,0.55556,2,"no card",female,36,pass
566640,60,9444,10,"monthly issuance",1204953,1,100,12541,0.36,167,92392.0000,200,36640.32207792208,77,0.46753,2,"no card",female,25,pass
186300,60,3105,12,"weekly issuance",86513,5,50.5,8288,4.154999999999999,110,1511.0000,200,62765.86554621845,119,0.65546,1,"no card",male,49,pass
45024,48,938,7,"monthly issuance",285387,7,89.9,10177,7.1899999999999995,81,9993.0000,800,41994.907692307694,39,0.53846,1,"no card",female,39,pass
227880,36,6330,12,"monthly issuance",197099,10,74.7,9624,1.955,145,4374.5000,1100,45134.721686747,83,0.71084,2,"no card",female,38,pass
186384,48,3883,21,"weekly issuance",128118,8,85.3,9317,6.78,97,6910.5000,700,61578.30157894735,190,0.67895,1,"no card",male,37,pass
100224,48,2088,4,"monthly issuance",285387,7,89.9,10177,7.1899999999999995,81,9993.0000,700,28124.933333333334,18,0.27778,1,"no card",female,39,fail
70656,48,1472,8,"monthly issuance",1204953,1,100,12541,0.36,167,92392.0000,600,32646.850943396224,53,0.58491,1,"no card",male,44,pass
155616,48,3242,22,"monthly issuance",226122,4,62.6,8994,4.295,110,9440.0000,200,44197.50988372091,172,0.53488,2,"no card",female,25,pass
50112,24,2088,3,"monthly issuance",162580,6,72.8,9538,1.6600000000000001,111,5744.5000,900,46214.125,16,0.56250,1,"no card",male,49,pass
38148,12,3179,5,"monthly issuance",1204953,1,100,12541,0.36,167,92392.0000,900,37462.09310344827,29,0.31034,1,"no card",female,28,pass
321936,48,6707,22,"monthly issuance",1204953,1,100,12541,0.36,167,92392.0000,400,32014.60280898875,178,0.55056,2,"no card",female,37,pass
71976,24,2999,17,"issuance after transaction",161854,6,76.3,9425,2.11,125,3988.0000,-8245.1,39870.41127819548,133,0.75188,1,"no card",male,31,fail
189300,60,3155,13,"monthly issuance",162580,6,72.8,9538,1.6600000000000001,111,5744.5000,800,32354.031372548998,102,0.56863,1,"no card",male,40,pass
172080,48,3585,6,"monthly issuance",92084,5,46.7,10124,0.55,141,4063.0000,200,60743.957142857136,42,0.69048,1,"no card",female,37,pass
272220,60,4537,10,"monthly issuance",170449,1,100,10787,2.865,131,6151.0000,-625.1,36907.37301587302,63,0.50794,1,"no card",female,50,fail
16032,48,334,14,"monthly issuance",105058,10,81,9272,3.01,118,4422.5000,500,23124.20661157025,121,0.51240,1,"no card",female,32,pass
52236,36,1451,14,"monthly issuance",81344,6,55.3,8899,3.68,149,2737.0000,600,33782.06138613862,101,0.62376,2,"no card",male,59,pass
163332,36,4537,14,"monthly issuance",70699,4,65.3,8968,3.09,131,1825.0000,600,29463.690909090914,66,0.65152,1,"no card",male,60,pass
69600,48,1450,22,"monthly issuance",197099,10,74.7,9624,1.955,145,4374.5000,700,40349.88486238531,218,0.47248,2,"no card",male,29,pass
272220,60,4537,11,"monthly issuance",124605,8,46,8772,4.835000000000001,126,3006.0000,500,39041.918750000004,80,0.55000,1,"no card",female,57,pass
215040,60,3584,13,"monthly issuance",72541,8,36.9,8594,1.815,112,1552.5000,1000,37189.77195121952,82,0.54878,1,"no card",female,37,pass
127080,60,2118,5,"monthly issuance",77917,5,53.5,8390,2.585,132,2101.0000,800,30060.954166666666,24,0.33333,1,"no card",male,57,pass
29448,12,2454,3,"monthly issuance",226122,4,62.6,8994,4.295,110,9440.0000,800,28977.436363636356,11,0.27273,1,"no card",male,48,fail
122472,24,5103,15,"monthly issuance",42821,3,48.4,8173,3.505,124,679.0000,1000,48395.94017857144,112,0.50000,1,"no card",female,37,pass
82128,24,3422,16,"monthly issuance",45714,6,55.6,8843,3.21,113,853.0000,871.3,33221.21157024794,121,0.46281,1,"no card",male,29,pass
164256,48,3422,15,"monthly issuance",75637,7,36.5,9622,0.52,154,3502.0000,600,42341.63775510205,98,0.70408,2,"no card",male,24,pass
191580,60,3193,5,"monthly issuance",121947,11,70.5,8541,2.74,131,3667.5000,900,18241.440000000002,30,0.53333,1,"no card",female,32,pass
83280,48,1735,20,"monthly issuance",114006,9,62.3,9065,4.925,123,4156.5000,700,39962.46618705034,139,0.71223,1,"no card",female,55,pass
86616,12,7218,4,"monthly issuance",75637,7,36.5,9622,0.52,154,3502.0000,800,25714.046666666665,15,0.60000,1,"no card",male,32,pass
285240,60,4754,8,"monthly issuance",323870,1,100,10673,5.095000000000001,100,18564.5000,1100,49699.66481481483,54,0.46296,2,"no card",male,45,pass
23184,12,1932,10,"monthly issuance",161954,8,48,8720,4.115,116,3690.0000,200,36729.80172413792,58,0.68966,1,"no card",female,17,pass
39576,12,3298,11,"monthly issuance",228848,6,57.2,9893,4.404999999999999,96,5755.0000,700,30719.746666666666,75,0.40000,2,"no card",female,32,pass
39576,12,3298,17,"monthly issuance",1204953,1,100,12541,0.36,167,92392.0000,300,48944.82782608698,115,0.52174,1,"no card",female,14,pass
41904,12,3492,19,"monthly issuance",228848,6,57.2,9893,4.404999999999999,96,5755.0000,900,36080.38671328671,143,0.53147,1,"no card",male,20,pass
52128,24,2172,8,"monthly issuance",94812,10,81.8,9650,3.525,100,2894.5000,144.2,33459.68028169013,71,0.63380,1,"no card",female,34,pass
188616,24,7859,19,"monthly issuance",108871,6,62.1,8444,3.3550000000000004,106,2450.0000,900,45805.500000000015,63,0.60317,2,"no card",male,58,pass
99936,24,4164,19,"monthly issuance",1204953,1,100,12541,0.36,167,92392.0000,400,55851.80263157893,152,0.57895,1,"no card",female,31,pass
120888,36,3358,16,"weekly issuance",1204953,1,100,12541,0.36,167,92392.0000,600,40838.75520833332,96,0.71875,1,"no card",female,50,pass
86184,12,7182,7,"monthly issuance",285387,7,89.9,10177,7.1899999999999995,81,9993.0000,300,59935.271428571425,42,0.50000,1,"no card",female,55,pass
83628,36,2323,7,"monthly issuance",387570,1,100,9897,1.78,140,18708.5000,500,29077.814705882356,34,0.55882,1,"no card",female,19,pass
44640,24,1860,13,"monthly issuance",108871,6,62.1,8444,3.3550000000000004,106,2450.0000,600,41961.449253731334,67,0.80597,1,"no card",male,41,pass
374760,60,6246,15,"monthly issuance",182027,7,56.4,8746,3.535,90,4394.0000,1000,56102.47410714287,112,0.45536,2,"no card",male,46,pass
36396,12,3033,22,"weekly issuance",1204953,1,100,12541,0.36,167,92392.0000,800,57977.034810126555,158,0.74051,1,"no card",male,23,pass
225504,48,4698,22,"weekly issuance",94725,6,63.4,9920,2.565,130,4567.5000,800,57411.60828729282,181,0.43646,1,junior,male,18,pass
188688,48,3931,5,"monthly issuance",197099,10,74.7,9624,1.955,145,4374.5000,400,42203.17272727272,22,0.50000,1,"no card",female,30,pass
116832,12,9736,8,"monthly issuance",103347,7,67,9104,1.79,123,2326.5000,400,23391.68913043479,46,0.69565,2,"no card",female,48,pass
341280,60,5688,13,"monthly issuance",81344,6,55.3,8899,3.68,149,2737.0000,700,49678.36623376626,77,0.61039,1,classic,male,47,pass
228276,36,6341,5,"monthly issuance",1204953,1,100,12541,0.36,167,92392.0000,500,41402.135,20,0.75000,2,"no card",male,35,pass
18324,12,1527,14,"monthly issuance",108871,6,62.1,8444,3.3550000000000004,106,2450.0000,700,31402.28372093023,86,0.70930,2,"no card",female,46,pass
46176,48,962,5,"monthly issuance",145688,5,40.7,8544,1.5750000000000002,109,2812.5000,1000,33613.10588235294,17,0.70588,1,"no card",male,30,pass
157068,36,4363,8,"monthly issuance",1204953,1,100,12541,0.36,167,92392.0000,400,38742.92380952381,21,0.61905,1,"no card",female,26,pass
104712,24,4363,18,"weekly issuance",51313,4,59.2,8930,3.8600000000000003,108,1390.0000,300,52379.128703703704,108,0.75000,2,"no card",female,25,pass
104712,24,4363,22,"monthly issuance",323870,1,100,10673,5.095000000000001,100,18564.5000,400,57357.84345549743,191,0.76963,1,"no card",male,50,pass
244368,48,5091,16,"issuance after transaction",114200,4,43.7,8403,5.73,105,2437.5000,200,75924.24097222224,144,0.89583,1,"no card",male,25,pass
59448,24,2477,16,"monthly issuance",75637,7,36.5,9622,0.52,154,3502.0000,200,29114.622580645166,93,0.64516,1,"no card",male,39,pass
59448,24,2477,17,"monthly issuance",285387,7,89.9,10177,7.1899999999999995,81,9993.0000,-5525,45016.69083333334,120,0.75833,1,"no card",male,44,fail
76416,24,3184,21,"monthly issuance",1204953,1,100,12541,0.36,167,92392.0000,8686.4,31375.160784313717,153,0.47712,2,"no card",male,57,pass
176148,36,4893,4,"monthly issuance",85852,4,59.8,8965,7.655,104,2737.5000,1100,47154.50000000001,13,0.38462,1,"no card",female,32,pass
279072,48,5814,20,"weekly issuance",1204953,1,100,12541,0.36,167,92392.0000,300,43095.51162790699,86,0.84884,2,"no card",male,29,pass
139536,24,5814,18,"monthly issuance",117897,6,53.8,8814,5.25,107,2085.5000,800,63889.87393939397,165,0.78182,1,"no card",female,53,pass
88200,36,2450,15,"monthly issuance",127369,7,51.2,8369,5.305,107,3271.5000,1100,37386.85604395603,91,0.52747,2,"no card",male,53,pass
31620,60,527,8,"monthly issuance",112065,8,69.4,11277,1.345,127,5083.0000,500,27522.883783783785,37,0.70270,1,"no card",male,57,pass
116040,60,1934,7,"monthly issuance",387570,1,100,9897,1.78,140,18708.5000,900,29865.189743589748,39,0.61538,2,"no card",female,57,pass
113796,36,3161,11,"issuance after transaction",387570,1,100,9897,1.78,140,18708.5000,500,36840.57361111111,72,0.45833,2,"no card",male,24,pass
151728,48,3161,8,"monthly issuance",323870,1,100,10673,5.095000000000001,100,18564.5000,-669.7,30491.098245614034,57,0.75439,1,"no card",male,18,fail
133968,48,2791,8,"monthly issuance",139012,10,61.9,8363,3.005,108,2681.5000,200,46772.3151898734,79,0.59494,2,classic,male,53,pass
96168,12,8014,20,"weekly issuance",197099,10,74.7,9624,1.955,145,4374.5000,600,50492.688590604004,149,0.61745,1,"no card",female,24,pass
126600,24,5275,22,"monthly issuance",75637,7,36.5,9622,0.52,154,3502.0000,400,47118.993181818165,132,0.65909,1,"no card",male,56,pass
97632,12,8136,9,"monthly issuance",70646,4,58.4,8547,3.145,120,1552.5000,1100,53379.127692307746,65,0.52308,1,"no card",female,25,pass
300600,60,5010,13,"monthly issuance",67298,7,43.8,8561,0.97,110,1078.0000,400,53217.72947368423,95,0.47368,1,classic,female,33,pass
331560,60,5526,18,"monthly issuance",107870,6,58,8754,4.07,137,3836.0000,900,36941.99831932774,119,0.61345,2,"no card",male,14,pass
36168,12,3014,6,"monthly issuance",1204953,1,100,12541,0.36,167,92392.0000,300,39063.766666666656,36,0.41667,1,"no card",male,34,pass
89340,60,1489,8,"monthly issuance",110643,4,51.9,8441,3.9650000000000003,115,2065.5000,500,40005.48181818183,44,0.68182,2,"no card",female,24,pass
19044,36,529,13,"monthly issuance",122603,8,80,8991,1.6999999999999997,128,5235.5000,600,43121.75507246379,69,0.81159,1,"no card",female,22,pass
210744,36,5854,8,"monthly issuance",197099,10,74.7,9624,1.955,145,4374.5000,200,51175.192307692305,39,0.51282,1,"no card",male,19,pass
194940,36,5415,15,"monthly issuance",112065,8,69.4,11277,1.345,127,5083.0000,600,56669.78791208787,91,0.83516,1,"no card",male,31,pass
218064,48,4543,7,"monthly issuance",1204953,1,100,12541,0.36,167,92392.0000,400,54315.558974358966,39,0.48718,1,"no card",female,53,pass
91632,12,7636,12,"monthly issuance",74062,7,61.4,8114,2.5,119,1092.0000,300,17625.44428571429,70,0.62857,2,"no card",male,53,pass
233424,36,6484,8,"weekly issuance",149893,6,67.4,9753,4.845,109,5568.0000,200,54476.857142857145,49,0.36735,1,"no card",male,38,pass
311232,48,6484,17,"monthly issuance",127369,7,51.2,8369,5.305,107,3271.5000,1100,72885.75808823534,136,0.87500,1,"no card",female,51,pass
77808,12,6484,3,"monthly issuance",1204953,1,100,12541,0.36,167,92392.0000,1000,68874.72173913044,23,0.86957,2,"no card",male,41,pass
167100,60,2785,11,"monthly issuance",145688,5,40.7,8544,1.5750000000000002,109,2812.5000,1100,63707.62658227851,79,0.86076,2,"no card",female,24,pass
231696,36,6436,15,"weekly issuance",1204953,1,100,12541,0.36,167,92392.0000,800,45873.61666666666,126,0.47619,2,"no card",male,22,pass
121896,24,5079,15,"monthly issuance",157042,9,33.9,8743,2.1550000000000002,111,3776.5000,600,54422.59677419357,93,0.83871,1,"no card",male,29,pass
215388,36,5983,5,"monthly issuance",1204953,1,100,12541,0.36,167,92392.0000,1000,32702.726666666666,15,0.53333,1,"no card",male,34,fail
136368,24,5682,8,"monthly issuance",58400,6,52.4,8620,1.175,100,1103.0000,600,60593.840677966116,59,0.74576,1,"no card",male,28,pass
22104,12,1842,12,"monthly issuance",125236,5,87.7,9675,7.055,100,5256.5000,700,44135.94383561643,73,0.63014,1,"no card",female,32,pass
305424,48,6363,11,"monthly issuance",285387,7,89.9,10177,7.1899999999999995,81,9993.0000,300,46147.52168674698,83,0.65060,1,"no card",female,33,pass
44304,24,1846,10,"monthly issuance",85852,4,59.8,8965,7.655,104,2737.5000,300,42830.99523809524,63,0.66667,1,"no card",male,30,pass
239160,60,3986,14,"monthly issuance",67298,7,43.8,8561,0.97,110,1078.0000,500,37233.14339622642,106,0.37736,1,"no card",male,50,pass
113436,36,3151,12,"monthly issuance",105606,7,53,8254,3.275,97,2245.5000,200,68510.41730769229,104,0.88462,1,"no card",male,42,pass
37812,12,3151,16,"monthly issuance",67298,7,43.8,8561,0.97,110,1078.0000,900,54062.079230769195,130,0.76923,1,"no card",female,33,pass
75624,24,3151,6,"monthly issuance",387570,1,100,9897,1.78,140,18708.5000,400,50009.90869565217,23,0.60870,1,"no card",male,35,fail
348120,60,5802,12,"monthly issuance",42821,3,48.4,8173,3.505,124,679.0000,600,58819.48769230771,65,0.61538,1,"no card",female,35,pass
421008,48,8771,9,"monthly issuance",177686,9,74.8,10045,1.565,135,6449.5000,600,37436.42199999999,50,0.70000,1,"no card",male,43,pass
259740,60,4329,5,"monthly issuance",228848,6,57.2,9893,4.404999999999999,96,5755.0000,800,45198.15294117647,17,0.41176,1,"no card",male,14,pass
31260,12,2605,21,"monthly issuance",159617,9,85.2,9198,3.805,131,5964.0000,1000,25084.42366412213,131,0.70992,2,"no card",male,29,pass
88704,48,1848,22,"monthly issuance",87419,9,85.5,8624,2.225,102,3038.5000,800,18675.060305343508,131,0.69466,2,"no card",female,36,pass
86880,12,7240,11,"monthly issuance",103347,7,67,9104,1.79,123,2326.5000,500,56531.81724137928,58,0.62069,1,classic,female,57,pass
21924,36,609,9,"monthly issuance",157042,9,33.9,8743,2.1550000000000002,111,3776.5000,1100,34272.21333333333,45,0.68889,2,"no card",male,33,pass
260640,36,7240,16,"monthly issuance",58400,6,52.4,8620,1.175,100,1103.0000,-718.6,31518.18205128206,78,0.51282,1,"no card",female,47,fail
194280,60,3238,14,"monthly issuance",1204953,1,100,12541,0.36,167,92392.0000,300,48180.3778761062,113,0.53097,1,"no card",male,28,pass
123408,24,5142,12,"issuance after transaction",119895,4,89.9,10446,8.370000000000001,90,4845.0000,700,28359.255384615386,65,0.44615,1,gold,male,32,pass
54396,36,1511,6,"monthly issuance",110643,4,51.9,8441,3.9650000000000003,115,2065.5000,800,30293.708695652174,23,0.78261,1,"no card",male,57,pass
151560,24,6315,6,"monthly issuance",125832,5,48.3,8512,3.815,102,2175.0000,300,53976.29285714286,28,0.53571,1,"no card",male,41,pass
60000,60,1000,21,"monthly issuance",226122,4,62.6,8994,4.295,110,9440.0000,400,24643.28394160584,137,0.59854,1,"no card",male,48,pass
23412,12,1951,19,"monthly issuance",226122,4,62.6,8994,4.295,110,9440.0000,800,54304.508527131766,129,0.65891,2,classic,male,42,pass
482940,60,8049,15,"monthly issuance",1204953,1,100,12541,0.36,167,92392.0000,900,26358.754615384616,130,0.50769,1,"no card",female,18,fail
267600,48,5575,22,"weekly issuance",285387,7,89.9,10177,7.1899999999999995,81,9993.0000,200,62460.22678571427,112,0.81250,1,"no card",female,39,pass
133800,24,5575,13,"monthly issuance",107870,6,58,8754,4.07,137,3836.0000,300,45733.43548387098,93,0.66667,1,"no card",male,56,pass
417600,60,6960,13,"issuance after transaction",157042,9,33.9,8743,2.1550000000000002,111,3776.5000,200,43196.744117647046,34,0.50000,1,gold,male,26,pass
249792,48,5204,9,"monthly issuance",157042,9,33.9,8743,2.1550000000000002,111,3776.5000,700,58128.03111111113,45,0.57778,1,"no card",male,33,pass
198240,24,8260,5,"monthly issuance",118650,3,85.6,9832,3.9000000000000004,114,5958.0000,300,30953.143750000003,16,0.68750,1,"no card",male,39,pass
269964,36,7499,11,"monthly issuance",93931,8,56.9,8427,1.33,107,1893.5000,400,61366.869333333314,75,0.58667,1,junior,female,19,pass
208332,36,5787,18,"monthly issuance",88884,5,46.7,8507,1.76,132,2416.5000,500,64087.07016129031,124,0.59677,1,"no card",female,18,pass
196224,48,4088,5,"monthly issuance",127369,7,51.2,8369,5.305,107,3271.5000,300,72465.66956521738,23,0.47826,1,"no card",male,47,pass
45720,12,3810,13,"monthly issuance",1204953,1,100,12541,0.36,167,92392.0000,700,41690.6,86,0.48837,1,"no card",female,19,pass
260028,36,7223,22,"monthly issuance",75637,7,36.5,9622,0.52,154,3502.0000,200,50676.81987577643,161,0.51553,1,"no card",male,18,pass
197808,24,8242,4,"monthly issuance",1204953,1,100,12541,0.36,167,92392.0000,900,64942.893333333326,15,0.46667,1,"no card",female,34,pass
24180,60,403,17,"monthly issuance",159617,9,85.2,9198,3.805,131,5964.0000,1100,78724.20970149254,134,0.49254,1,"no card",male,59,pass
154656,48,3222,14,"monthly issuance",161227,10,69.7,8678,5.75,102,4787.5000,1000,31791.328089887644,89,0.56180,1,"no card",male,39,pass
115992,36,3222,20,"weekly issuance",77917,5,53.5,8390,2.585,132,2101.0000,200,25666.407086614156,127,0.59055,1,"no card",male,57,pass
68832,36,1912,10,"monthly issuance",1204953,1,100,12541,0.36,167,92392.0000,700,37557.05471698113,53,0.69811,1,"no card",male,37,pass
339168,48,7066,9,"monthly issuance",112709,10,73.5,8369,2.05,117,2736.0000,1000,28634.139215686282,51,0.70588,1,"no card",female,56,pass
45768,12,3814,9,"weekly issuance",106054,6,63.1,8110,6.16,109,3161.5000,800,32555.818518518518,27,0.55556,1,"no card",female,17,pass
45768,12,3814,14,"monthly issuance",138032,5,64.6,8819,5.52,99,4284.0000,900,59138.441780821915,146,0.64384,2,"no card",male,53,pass
31140,60,519,10,"monthly issuance",127369,7,51.2,8369,5.305,107,3271.5000,800,28375.804000000004,50,0.80000,1,"no card",male,21,pass
67464,12,5622,11,"monthly issuance",125236,5,87.7,9675,7.055,100,5256.5000,600,48557.38070175438,57,0.59649,1,"no card",male,61,pass
140688,48,2931,13,"monthly issuance",93931,8,56.9,8427,1.33,107,1893.5000,300,54575.398823529424,85,0.85882,2,"no card",male,56,pass
385560,60,6426,13,"monthly issuance",102609,6,52,8187,5.140000000000001,94,2128.5000,700,29028.266101694917,59,0.57627,1,"no card",male,41,fail
113544,36,3154,11,"monthly issuance",114200,4,43.7,8403,5.73,105,2437.5000,700,33990.41971830985,71,0.49296,1,"no card",male,53,pass
57120,48,1190,9,"monthly issuance",105058,10,81,9272,3.01,118,4422.5000,1000,41985.62040816326,49,0.63265,1,"no card",male,39,pass
131292,36,3647,13,"weekly issuance",1204953,1,100,12541,0.36,167,92392.0000,1000,36635.11566265062,83,0.55422,1,"no card",male,40,pass
152460,60,2541,15,"weekly issuance",88757,10,61.7,8554,2.575,113,2020.0000,600,20874.116101694926,118,0.37288,1,"no card",female,46,pass
197748,36,5493,5,"monthly issuance",102609,6,52,8187,5.140000000000001,94,2128.5000,300,44735.43125000001,16,0.75000,2,"no card",female,23,pass
314520,60,5242,15,"weekly issuance",105606,7,53,8254,3.275,97,2245.5000,500,63527.42,130,0.78462,1,"no card",female,39,pass
18720,60,312,8,"monthly issuance",88757,10,61.7,8554,2.575,113,2020.0000,300,40748.34523809523,42,0.80952,2,"no card",male,36,pass
115812,36,3217,19,"monthly issuance",93931,8,56.9,8427,1.33,107,1893.5000,1100,56646.51612903226,124,0.84677,1,"no card",male,43,pass
154416,48,3217,5,"weekly issuance",70699,4,65.3,8968,3.09,131,1825.0000,8897,46715.8,32,0.81250,1,"no card",female,24,pass
274740,60,4579,6,"weekly issuance",1204953,1,100,12541,0.36,167,92392.0000,600,57188.21111111111,27,0.44444,1,"no card",male,14,pass
168984,24,7041,18,"monthly issuance",1204953,1,100,12541,0.36,167,92392.0000,-517.7,56053.99750000002,160,0.76250,1,"no card",male,18,fail
48096,24,2004,14,"weekly issuance",105058,10,81,9272,3.01,118,4422.5000,800,33044.0156626506,83,0.53012,1,"no card",male,39,pass
217152,36,6032,10,"monthly issuance",226122,4,62.6,8994,4.295,110,9440.0000,400,49107.06666666666,57,0.54386,1,classic,male,21,pass
148920,60,2482,6,"weekly issuance",108871,6,62.1,8444,3.3550000000000004,106,2450.0000,400,32435.3193548387,31,0.48387,1,"no card",male,19,pass
69360,48,1445,14,"monthly issuance",75637,7,36.5,9622,0.52,154,3502.0000,1100,33857.10641025642,78,0.82051,1,"no card",male,52,pass
119136,48,2482,21,"monthly issuance",114006,9,62.3,9065,4.925,123,4156.5000,1100,42572.410084033625,119,0.82353,1,"no card",female,33,pass
98304,12,8192,17,"monthly issuance",93931,8,56.9,8427,1.33,107,1893.5000,300,66405.0707964602,113,0.69027,1,"no card",male,26,pass
213300,60,3555,5,"monthly issuance",72541,8,36.9,8594,1.815,112,1552.5000,800,37524.88636363636,22,0.72727,1,"no card",female,42,pass
108144,36,3004,8,"monthly issuance",1204953,1,100,12541,0.36,167,92392.0000,900,54652.89818181817,55,0.74545,2,"no card",female,30,pass
182628,36,5073,4,"monthly issuance",138032,5,64.6,8819,5.52,99,4284.0000,500,33229.10769230769,13,0.69231,1,"no card",male,34,pass
89880,24,3745,5,"weekly issuance",285387,7,89.9,10177,7.1899999999999995,81,9993.0000,800,62571.28275862067,29,0.82759,1,"no card",male,32,pass
44940,12,3745,7,"weekly issuance",1204953,1,100,12541,0.36,167,92392.0000,200,52484.82250000001,40,0.82500,1,"no card",female,21,pass
392460,60,6541,22,"monthly issuance",107870,6,58,8754,4.07,137,3836.0000,900,57131.740559440565,143,0.56643,2,"no card",female,15,pass
89280,12,7440,8,"monthly issuance",1204953,1,100,12541,0.36,167,92392.0000,900,60522.04038461538,52,0.50000,1,"no card",male,49,pass
155760,24,6490,10,"monthly issuance",133777,11,84.7,8705,6.68,116,4754.5000,200,51964.01927710844,83,0.79518,1,"no card",female,49,pass
52788,12,4399,8,"monthly issuance",58796,5,51.9,9045,3.365,124,1862.0000,1000,22198.179069767448,43,0.65116,1,"no card",male,20,pass
67320,36,1870,16,"monthly issuance",95616,6,51.4,9307,4.14,118,2828.0000,200,26491.780180180176,111,0.39640,1,"no card",male,25,pass
317460,60,5291,16,"monthly issuance",102609,6,52,8187,5.140000000000001,94,2128.5000,700,64978.0724137931,145,0.69655,1,"no card",male,23,pass
39168,24,1632,11,"monthly issuance",94725,6,63.4,9920,2.565,130,4567.5000,300,55438.85185185185,54,0.70370,1,"no card",female,19,pass
280440,60,4674,20,"monthly issuance",387570,1,100,9897,1.78,140,18708.5000,1000,38619.10283018868,106,0.82075,1,"no card",female,45,pass
419880,60,6998,5,"weekly issuance",1204953,1,100,12541,0.36,167,92392.0000,200,59352.83333333334,18,0.44444,2,"no card",female,49,pass
54024,12,4502,22,"monthly issuance",117897,6,53.8,8814,5.25,107,2085.5000,1000,36480.185034013586,147,0.45578,1,classic,male,28,pass
129408,24,5392,14,"monthly issuance",106054,6,63.1,8110,6.16,109,3161.5000,1000,30869.781308411246,107,0.50467,1,"no card",female,34,pass
